1000 1000
30000
17 979
416 288
941 614
618 757
51 524
152 649
394 586
929 983
659 186
825 166
682 249
419 917
848 1
924 174
564 197
195 634
910 489
234 924
635 184
273 949
886 875
104 463
284 211
655 460
881 169
187 536
173 549
763 333
839 240
779 845
389 649
924 274
156 644
818 813
322 700
903 740
31 953
109 757
787 651
681 396
49 330
983 715
814 35
687 275
32 727
129 323
184 914
548 90
624 416
163 60
352 227
119 807
3 596
561 34
335 907
854 937
928 811
750 622
146 936
418 69
646 869
738 666
955 278
120 349
466 953
858 471
175 931
694 113
461 242
906 65
599 972
447 35
394 189
929 288
306 993
698 495
403 201
495 311
479 978
114 41
591 521
635 905
381 541
238 254
916 376
759 296
669 64
962 202
503 238
159 802
53 299
332 470
800 896
765 616
200 800
666 873
412 461
640 616
536 553
188 356
423 719
430 281
801 411
160 269
296 221
683 987
939 629
134 785
139 697
925 570
28 268
752 198
705 321
781 44
509 499
149 706
107 440
70 204
54 705
988 327
614 393
63 669
983 604
487 301
111 641
173 94
415 161
242 579
461 803
283 851
214 741
140 760
382 319
827 414
375 594
301 843
250 917
368 772
882 386
755 944
870 419
409 666
881 715
55 514
521 394
726 477
85 459
484 984
855 59
364 630
509 635
668 606
412 156
949 419
536 248
167 170
8 305
635 770
545 126
303 346
584 708
70 563
782 236
397 306
911 904
588 11
74 641
648 240
78 797
152 927
507 981
364 58
350 125
887 398
744 680
456 976
917 813
723 626
416 754
79 839
524 720
64 450
154 76
11 717
864 377
262 478
465 738
607 608
616 973
948 916
127 655
851 323
295 320
650 337
239 39
15 758
517 929
402 808
134 371
579 120
321 408
104 24
30 288
985 689
113 990
523 353
712 422
786 981
366 363
797 243
707 365
437 708
829 706
114 339
995 166
762 679
264 6
815 403
764 505
803 815
118 186
563 475
374 208
752 288
934 150
196 871
530 3
431 248
435 362
891 693
47 441
361 578
896 883
303 803
515 907
109 528
884 682
266 599
600 225
819 257
692 561
586 28
316 285
120 902
376 496
233 425
378 578
325 473
883 483
735 514
862 752
25 437
638 347
569 816
269 514
292 869
188 950
836 890
296 527
499 8
176 101
33 748
849 258
23 725
120 322
615 428
214 271
493 316
594 361
781 959
232 58
68 832
241 316
167 12
354 629
47 586
356 219
381 632
261 104
104 131
798 769
450 947
985 318
754 69
613 782
78 699
523 538
479 445
668 164
856 474
588 817
862 35
424 213
601 315
306 233
663 39
22 149
61 369
672 730
988 380
914 635
40 404
547 423
328 367
291 101
685 333
558 37
851 29
272 342
309 585
606 721
666 138
576 260
599 632
546 612
124 600
267 77
380 690
419 278
917 507
578 821
133 556
903 56
647 166
543 81
391 996
29 715
621 770
485 106
312 432
722 135
941 679
962 438
113 644
802 414
954 709
172 906
488 463
640 476
695 638
935 47
280 475
725 759
137 118
547 575
893 417
540 812
7 745
434 387
717 964
994 331
83 920
763 10
809 870
387 152
117 697
562 534
804 559
624 803
714 941
308 702
566 666
437 990
377 405
517 351
155 178
395 611
676 496
814 354
980 78
878 869
274 943
885 87
652 216
463 481
410 159
269 872
698 618
594 971
559 379
762 373
926 538
504 93
965 48
474 637
478 689
33 586
766 420
547 208
842 412
699 509
611 729
867 803
724 920
284 893
980 514
853 892
671 115
710 671
90 572
399 604
664 963
385 230
152 151
816 142
394 124
426 429
940 39
979 699
24 64
243 372
704 738
976 226
828 771
46 832
489 613
860 620
904 494
659 132
401 404
147 88
80 213
691 535
543 542
218 335
259 272
976 302
49 836
798 635
88 798
821 954
625 9
754 367
256 846
648 64
867 84
44 953
152 783
136 436
122 5
378 107
325 928
532 562
18 968
313 764
408 788
64 182
527 889
98 493
575 589
852 198
100 675
70 15
623 849
169 366
499 755
616 641
374 689
473 736
166 653
413 720
452 874
966 484
34 406
827 223
993 203
225 289
82 106
686 150
211 370
598 866
875 811
70 459
125 441
572 760
992 508
519 419
918 980
480 704
44 65
376 913
567 439
101 1
357 407
696 607
864 789
156 425
310 934
898 674
363 772
289 249
540 630
7 531
655 167
164 834
74 960
761 778
325 721
320 511
13 948
626 503
972 207
866 326
596 547
748 806
476 609
5 673
796 172
501 210
835 750
60 215
890 34
528 609
987 900
101 830
463 187
781 226
675 611
783 628
700 406
723 879
649 624
481 104
361 722
838 108
400 914
1 385
554 575
499 380
805 974
480 31
763 860
512 930
943 592
235 487
491 625
590 671
970 737
405 178
250 859
15 567
287 818
732 43
552 705
974 24
667 688
651 23
319 365
266 123
305 471
803 336
826 19
768 920
159 389
203 541
355 678
712 229
198 784
569 348
825 970
200 473
811 235
543 688
513 869
423 886
741 247
243 586
462 1000
63 479
545 436
506 280
990 558
699 719
616 127
844 87
920 575
429 663
299 603
502 102
13 809
36 670
610 871
165 126
723 700
633 574
529 267
801 622
273 213
501 39
37 133
187 760
853 291
41 851
27 768
562 439
193 568
230 265
857 721
970 976
495 927
866 769
225 143
942 90
801 938
589 735
349 294
884 941
116 471
192 495
727 689
840 267
185 602
789 350
556 447
67 666
874 22
180 987
694 341
883 284
793 4
560 777
832 558
906 877
408 38
140 677
276 101
594 40
172 214
836 125
287 679
181 160
310 844
93 628
741 440
206 781
561 770
764 783
411 596
733 693
113 788
574 747
521 509
267 665
548 766
735 444
682 840
809 570
829 664
591 809
215 517
955 946
134 757
344 429
443 547
869 617
943 502
191 637
394 977
454 225
933 29
799 612
377 5
787 568
370 966
266 669
139 409
957 361
279 349
235 129
281 105
689 804
27 669
993 174
850 241
797 790
559 747
836 812
488 946
324 216
515 369
326 634
681 537
884 48
921 42
900 829
33 570
201 508
715 886
519 446
962 761
581 897
270 680
341 605
34 55
94 895
682 635
993 618
43 175
315 578
82 715
979 555
444 934
211 917
264 703
545 274
637 140
312 171
722 394
526 554
30 341
233 623
413 371
664 303
740 122
152 707
597 479
726 189
530 488
394 512
915 94
834 18
216 293
329 586
423 540
227 103
130 540
900 40
79 547
985 128
655 262
911 680
719 480
334 518
246 210
322 738
804 290
970 54
165 872
866 999
294 580
658 923
351 642
932 93
330 395
791 266
867 608
975 462
228 577
304 177
214 660
783 983
714 356
979 888
449 773
211 738
54 124
515 506
898 494
8 772
674 329
828 962
747 530
869 11
993 743
594 274
940 298
299 434
834 805
389 60
873 857
986 408
15 406
243 625
63 442
137 60
928 273
838 884
826 432
5 125
985 337
948 67
90 375
164 722
270 115
754 174
113 62
422 158
429 690
924 107
1000 641
13 772
467 353
70 846
697 528
312 626
847 514
630 182
499 944
625 278
992 639
687 26
980 16
249 10
295 845
403 891
518 768
101 654
140 126
306 338
253 963
993 500
704 240
840 272
932 448
441 427
978 386
784 215
270 838
182 146
894 385
850 987
707 894
836 26
582 546
31 312
529 694
393 891
953 147
722 304
526 704
694 906
53 50
76 373
544 559
228 8
659 334
34 833
276 902
705 540
873 966
322 68
545 36
655 88
911 962
888 783
761 519
196 822
468 947
454 250
184 490
654 19
13 185
933 120
165 974
61 173
47 494
303 848
222 128
856 250
35 447
791 108
323 632
514 307
288 725
606 949
348 989
2 95
371 356
11 791
698 967
776 761
488 599
552 384
222 732
206 193
667 625
614 194
499 121
870 88
651 340
713 147
842 457
595 147
443 398
641 463
2 643
920 130
85 722
417 152
336 456
262 992
428 504
693 260
197 693
271 850
732 302
845 73
522 188
868 830
102 626
510 791
773 269
579 50
872 456
856 973
858 103
39 500
267 745
786 795
18 177
781 532
649 98
243 839
338 805
423 635
303 161
674 535
914 6
577 192
669 784
28 152
588 960
148 981
240 94
256 787
800 208
378 964
765 824
218 860
827 614
866 960
227 518
598 523
658 948
552 207
349 103
386 19
116 278
923 312
727 886
653 111
948 669
328 318
510 10
620 885
69 9
982 884
537 351
408 357
228 686
154 777
283 935
889 989
232 440
598 951
91 367
326 650
704 454
794 328
517 680
572 581
579 355
464 234
980 738
16 599
523 152
696 564
380 37
200 387
225 816
543 762
391 633
949 63
329 926
589 104
114 72
151 717
116 654
891 256
510 898
872 179
99 450
85 155
583 876
929 781
401 180
311 681
479 503
126 888
753 978
294 776
619 553
965 589
967 499
40 786
494 835
944 888
743 584
247 921
201 865
443 812
680 977
18 744
115 660
922 946
387 293
154 472
525 247
691 243
843 412
582 123
488 753
935 873
130 240
794 27
28 727
893 767
676 91
969 215
586 217
736 294
457 779
438 45
115 208
998 53
193 946
223 862
426 508
873 429
513 204
287 745
626 591
628 129
3 830
604 809
113 834
76 338
366 511
424 898
647 684
781 890
601 582
428 742
52 138
511 535
898 962
755 461
702 196
762 563
252 337
259 737
655 71
821 875
740 381
316 869
553 278
899 830
80 608
652 606
541 493
359 278
472 458
903 879
896 967
363 96
607 141
628 924
648 299
892 852
553 210
184 779
885 13
705 447
193 707
550 513
435 698
22 494
331 893
776 734
559 317
232 722
490 150
257 223
462 16
10 433
245 640
393 527
932 336
720 726
457 944
851 352
376 832
339 436
46 706
858 588
784 359
929 431
894 273
931 361
417 243
772 803
419 605
149 300
336 493
426 355
963 152
114 174
116 544
983 58
33 444
351 316
155 577
466 642
323 279
413 393
994 576
648 990
959 130
87 455
94 481
938 139
119 86
596 722
905 211
584 622
861 690
236 161
939 508
305 536
88 984
740 736
297 221
170 597
541 610
193 284
495 699
453 83
128 716
280 567
939 952
692 528
533 532
74 235
157 736
249 775
323 520
214 866
804 168
864 403
617 701
665 87
499 233
909 612
381 213
418 65
872 668
694 117
115 422
78 222
945 673
394 185
894 668
811 184
557 340
760 672
6 474
656 939
15 344
792 155
354 532
561 994
803 573
808 849
56 150
155 730
858 23
90 445
742 653
431 494
454 965
156 87
677 339
550 163
75 1
866 268
958 324
407 198
683 991
448 12
139 701
231 275
360 712
369 526
459 652
452 595
2 286
573 198
741 949
577 700
118 732
637 612
508 568
141 427
81 938
775 812
480 473
44 314
664 599
242 639
996 596
546 391
509 51
774 383
760 111
965 480
310 191
702 749
547 896
893 30
849 216
833 755
872 263
466 552
565 812
332 129
394 300
124 35
622 294
901 443
947 533
158 428
218 219
829 585
481 955
151 573
423 824
651 541
750 53
289 316
259 644
706 39
948 24
604 650
768 398
482 438
493 726
647 783
27 142
670 692
433 619
919 143
785 111
697 619
681 46
923 249
752 117
330 215
277 428
390 901
528 294
92 381
41 937
244 160
638 464
126 132
520 601
776 547
119 965
822 698
474 604
386 278
757 415
810 782
231 840
427 831
853 797
106 498
489 10
881 824
897 51
2 729
387 881
20 949
954 55
119 521
582 599
822 230
806 731
294 399
981 591
393 942
600 786
584 439
441 954
542 112
946 937
265 117
892 92
378 470
638 552
34 682
57 251
479 52
562 872
27 479
730 18
714 703
790 888
792 497
8 416
981 899
319 748
861 685
471 929
826 656
388 427
722 801
464 561
353 495
9 683
341 262
749 393
415 515
507 610
961 153
502 315
767 357
571 710
308 992
202 47
993 296
672 323
965 834
748 86
213 941
453 126
199 654
169 335
960 78
524 839
886 460
946 49
305 959
353 939
157 795
339 232
233 429
413 689
770 114
311 22
295 685
629 23
525 508
550 913
875 776
785 544
681 599
439 867
245 560
653 489
729 835
660 443
957 851
747 611
989 546
883 35
746 440
575 159
160 826
432 575
289 154
787 391
194 25
51 384
512 190
373 678
640 641
435 63
218 437
550 132
437 597
407 189
847 627
118 53
395 746
840 995
911 738
166 415
60 246
567 737
793 604
518 851
80 875
322 808
306 229
624 104
550 320
398 749
456 714
684 978
649 657
979 246
709 289
748 457
130 6
923 463
690 462
602 770
487 260
35 159
789 490
67 526
606 725
742 405
954 141
45 204
910 880
771 606
591 321
547 999
872 300
390 171
542 174
337 935
399 139
191 85
765 400
177 911
682 932
156 259
428 536
375 137
843 763
610 706
882 95
190 102
467 735
711 448
33 185
630 560
835 508
627 638
920 542
756 794
62 143
50 382
412 377
216 106
511 925
580 946
672 429
711 4
1 691
734 447
386 975
494 788
296 81
134 933
268 495
662 699
330 176
496 648
994 139
406 101
122 318
726 562
364 407
357 554
638 437
253 905
110 882
511 465
331 695
315 42
813 359
172 369
211 493
746 794
529 816
287 64
453 360
681 653
370 566
796 714
171 696
279 685
489 45
881 787
101 152
898 555
688 219
524 433
319 55
86 774
660 81
224 539
812 372
261 138
964 335
74 857
664 387
129 520
454 516
200 611
977 861
924 892
601 921
29 128
963 798
52 39
91 971
100 875
95 16
5 312
902 574
948 136
703 422
959 520
106 650
666 616
131 255
13 255
827 535
165 900
649 975
338 440
504 816
153 885
351 638
353 910
740 878
814 237
943 971
461 736
306 399
714 272
633 160
236 995
591 27
577 953
944 484
715 791
833 956
205 78
447 17
530 775
267 887
403 151
82 682
449 725
414 885
988 650
241 267
538 585
243 453
63 86
416 137
289 253
877 894
932 833
259 965
367 940
321 268
194 50
293 686
590 396
406 903
318 243
228 373
855 824
401 261
479 68
126 779
142 44
114 735
264 154
877 194
199 986
937 245
192 940
247 974
35 678
895 930
291 560
648 463
44 808
120 574
966 139
786 293
198 33
705 147
795 17
230 662
698 716
571 566
933 419
435 414
746 688
144 124
628 700
40 445
720 938
457 852
611 567
277 161
323 703
512 934
784 187
196 439
537 277
422 817
318 998
615 116
177 422
534 506
112 765
188 546
769 43
243 18
10 145
393 751
764 624
160 750
358 705
879 417
646 770
65 679
837 637
272 811
975 995
484 14
11 406
214 371
878 218
276 786
479 885
375 164
820 855
829 543
702 279
483 223
748 721
432 655
941 770
180 212
694 602
844 83
240 343
459 55
853 235
599 475
952 148
668 208
502 122
486 607
587 384
695 981
181 607
852 804
778 899
467 382
464 828
653 870
134 958
53 774
519 893
574 504
62 556
550 720
850 374
580 531
248 220
465 668
287 111
370 531
478 734
137 882
374 927
12 182
395 6
918 182
798 392
46 365
881 886
733 205
145 876
11 71
394 69
894 416
401 871
608 25
977 436
172 210
324 277
769 416
935 375
349 998
780 608
690 994
289 91
842 825
976 251
775 287
413 506
881 690
223 340
631 379
744 5
320 541
308 502
958 104
522 876
446 348
674 931
713 927
796 498
563 489
411 916
60 437
703 397
212 360
710 411
636 864
235 825
758 439
64 175
500 419
1000 619
89 268
255 411
753 789
22 872
278 198
135 715
248 427
778 822
515 953
109 578
266 665
321 594
918 385
701 783
480 253
957 357
413 711
438 826
862 290
334 379
887 917
917 312
98 518
672 985
965 204
414 322
884 60
409 834
637 324
789 239
452 311
661 150
202 877
172 837
566 29
310 991
630 883
388 780
685 530
337 684
104 177
602 208
694 736
551 169
830 480
212 575
583 728
251 19
899 553
493 946
389 887
511 850
790 717
38 38
792 518
123 330
808 508
715 31
625 157
203 323
187 582
97 964
687 925
505 111
606 199
680 837
4 263
350 385
101 773
398 571
903 554
430 136
287 257
554 580
349 72
266 524
300 803
694 503
180 889
11 929
945 35
712 818
50 905
608 995
746 17
174 478
488 801
589 453
628 29
243 57
667 683
676 651
7 219
987 39
807 368
717 498
802 80
915 819
336 34
232 83
472 994
324 515
513 796
114 107
522 962
190 172
725 569
907 516
393 142
342 123
824 230
365 58
976 481
632 643
503 172
217 963
574 897
668 205
66 795
449 129
456 867
398 842
972 347
38 477
294 811
942 647
467 357
787 918
900 415
425 825
909 471
508 958
443 845
687 38
122 260
710 141
913 941
325 161
399 942
767 69
417 731
110 952
753 575
398 646
956 244
45 947
580 568
896 663
870 801
743 45
727 680
909 923
305 159
791 411
219 878
590 787
242 645
440 736
693 443
91 473
54 207
310 869
935 338
12 727
33 448
328 644
842 770
261 176
962 479
581 615
671 485
911 266
768 12
406 838
869 444
553 955
795 658
209 417
13 753
656 864
488 360
356 295
817 819
748 609
506 404
854 34
130 958
23 286
544 495
726 987
982 305
913 222
631 986
624 908
737 611
633 690
981 360
896 934
95 414
231 206
16 20
749 542
297 525
117 148
615 949
871 15
675 352
306 453
788 577
672 958
861 390
384 310
12 262
570 360
51 949
219 251
281 460
779 125
177 675
140 561
366 233
977 452
744 473
107 831
197 689
806 737
584 497
621 542
432 590
623 48
630 788
337 839
284 330
53 131
971 384
419 950
313 415
424 748
449 47
566 626
933 853
442 912
522 764
423 631
635 93
100 960
377 701
506 27
109 142
298 495
706 480
754 468
240 82
865 577
994 423
978 992
390 882
122 90
862 118
592 406
424 40
373 75
739 342
580 850
45 729
211 145
746 614
31 922
469 713
718 704
305 965
395 839
676 220
111 537
330 400
754 920
46 428
180 870
839 529
219 904
590 681
883 417
348 44
560 972
410 443
871 128
931 119
684 357
336 763
633 379
391 945
709 182
451 218
220 389
870 459
432 189
402 541
111 989
542 889
964 171
217 554
604 210
664 231
251 839
315 950
940 323
389 451
285 18
656 906
398 307
552 843
264 819
130 836
990 600
26 789
247 81
189 344
742 684
318 164
809 827
147 828
910 91
700 571
333 874
423 744
248 746
619 557
356 733
801 440
863 174
773 690
79 735
563 226
909 434
969 671
821 678
715 495
738 68
828 198
853 373
784 804
175 345
532 798
795 420
871 369
179 907
520 973
649 687
460 928
451 523
605 182
349 504
831 852
10 566
125 337
953 702
127 807
496 995
150 378
814 973
505 539
159 248
371 126
101 297
654 805
220 280
870 326
245 891
570 2
722 329
694 931
189 553
608 415
509 536
350 516
578 315
428 738
591 895
47 925
446 394
70 534
199 182
757 760
441 522
132 125
194 466
268 621
752 456
166 148
574 17
445 67
212 306
378 38
991 72
758 333
827 708
679 607
75 859
903 875
979 385
799 682
490 734
600 121
369 676
443 957
279 275
196 659
982 982
362 167
823 470
131 776
25 269
525 104
908 112
638 499
382 13
239 396
225 214
723 83
121 293
504 411
257 211
372 146
637 666
374 800
953 587
738 543
413 833
516 802
498 363
525 556
431 813
94 937
834 608
693 299
986 295
845 160
167 948
467 998
102 587
531 689
503 109
397 512
971 487
355 906
161 325
470 457
246 288
502 862
412 114
89 235
986 155
181 699
695 817
368 414
352 883
958 477
522 729
393 395
476 684
365 319
312 821
282 917
503 465
715 73
844 307
528 564
154 378
304 675
486 703
412 566
804 272
714 146
255 118
917 991
776 305
121 118
174 1000
47 346
697 785
370 815
667 185
245 477
729 480
676 185
879 914
805 795
330 381
496 589
853 527
477 363
885 158
650 943
562 147
269 607
903 160
15 992
181 392
474 642
552 276
935 531
958 752
132 723
962 542
210 283
286 92
544 866
253 264
237 899
440 475
954 861
744 361
234 695
859 168
114 33
591 529
47 631
930 309
877 836
697 38
941 979
590 458
85 130
913 415
908 662
670 461
75 5
972 269
38 395
114 741
98 254
815 193
356 570
623 612
402 446
826 966
992 589
353 133
830 913
763 478
800 324
525 206
13 442
804 411
308 842
790 210
22 72
799 384
488 666
589 876
384 501
718 624
681 353
935 832
10 531
766 348
750 833
162 694
215 462
842 308
747 369
323 889
770 424
548 245
440 554
647 131
451 106
234 358
785 894
637 420
12 521
450 161
459 437
258 824
894 527
403 90
940 467
375 110
716 362
271 83
845 330
132 154
669 941
397 298
611 354
756 889
316 862
212 287
493 722
477 717
133 385
977 653
75 190
100 731
875 343
303 934
861 920
808 284
153 969
886 117
944 972
457 67
535 456
46 239
122 337
952 650
878 776
239 619
135 860
672 904
84 644
250 620
875 915
965 29
144 305
612 838
637 757
932 313
254 191
275 534
625 825
646 763
443 348
763 919
489 14
145 810
606 547
846 466
258 587
638 912
57 323
479 636
707 793
797 647
449 569
121 836
559 856
414 233
384 908
739 648
635 619
252 25
150 790
337 893
180 477
256 485
316 685
816 749
673 84
18 355
200 642
592 900
207 821
714 699
919 600
596 699
243 661
817 870
123 507
734 713
259 373
593 767
833 136
14 489
625 46
791 755
406 343
482 201
874 839
265 565
175 30
221 300
207 361
601 438
675 923
857 988
59 430
792 945
981 451
287 342
197 468
847 302
667 220
487 399
879 889
701 821
81 724
936 890
809 396
410 321
253 831
239 508
827 240
617 708
619 370
8 855
63 947
637 266
215 212
932 684
699 171
441 143
978 158
104 719
180 748
987 148
256 52
55 700
816 988
255 846
665 698
151 643
649 285
815 744
854 326
812 718
464 356
542 483
526 996
717 839
422 45
401 230
991 137
887 40
834 84
193 68
389 845
502 974
679 284
575 351
852 944
70 797
342 982
916 929
847 639
736 712
240 903
203 269
175 163
452 612
936 425
539 68
463 100
359 23
767 490
527 559
75 932
790 311
905 739
838 67
898 108
478 562
245 333
102 206
547 431
782 522
344 562
558 45
44 339
747 148
182 193
585 450
569 965
200 32
543 89
713 503
162 87
254 977
132 611
134 17
194 804
90 245
604 895
129 951
756 674
599 948
447 187
156 287
656 831
566 342
868 26
356 374
877 980
955 858
164 528
346 735
203 122
599 504
325 547
622 843
290 806
772 102
682 484
403 765
424 268
80 414
195 895
179 98
587 417
75 149
536 673
790 518
776 240
340 23
875 362
1 695
222 215
448 176
37 162
973 918
369 658
904 739
62 719
687 216
606 8
770 788
666 421
956 190
315 46
121 371
861 119
280 822
192 450
999 457
909 929
162 294
969 142
849 416
957 949
390 478
528 251
768 650
996 544
689 392
546 499
11 100
253 457
417 205
594 7
559 839
142 617
368 908
458 770
591 470
439 581
358 543
720 320
595 512
427 146
219 276
99 746
677 528
995 181
725 260
229 629
838 557
605 814
630 387
194 383
807 755
994 470
574 202
445 430
429 617
682 363
403 902
387 13
377 42
70 7
236 283
40 54
884 607
757 215
630 79
425 764
282 31
411 433
639 151
141 232
268 30
473 744
740 874
390 521
466 419
429 45
671 680
272 232
168 297
11 853
617 751
963 503
1 200
561 16
780 886
999 322
33 735
448 759
432 204
909 598
111 898
261 423
775 45
851 315
872 586
708 464
512 363
717 286
256 41
318 699
401 701
493 335
901 760
156 417
347 310
220 568
47 697
727 43
185 448
111 326
759 378
337 653
865 963
890 630
892 200
952 13
41 274
424 678
4 930
133 194
820 12
665 793
100 922
838 664
471 813
847 922
95 129
494 758
549 812
37 24
330 18
256 977
187 615
740 601
9 575
191 771
966 143
913 17
938 612
601 294
654 344
624 65
979 225
598 565
771 173
796 616
106 49
768 596
235 479
749 857
92 124
666 191
306 574
901 937
896 295
310 201
667 648
409 680
674 356
840 68
395 333
58 129
466 602
565 766
307 738
821 356
860 270
950 392
733 568
719 581
788 194
617 144
882 52
704 960
63 455
711 475
506 288
713 790
494 449
985 438
35 923
973 429
920 519
316 912
777 386
249 499
982 453
680 595
728 383
359 675
105 768
126 698
986 955
522 569
718 969
614 814
819 70
639 329
969 341
83 451
429 851
260 755
64 404
546 808
638 386
456 350
435 623
573 301
442 273
84 846
213 686
681 660
644 552
974 819
222 564
870 192
879 626
383 579
874 30
286 160
989 383
703 561
48 117
594 32
557 172
859 908
884 361
462 643
409 565
953 176
775 283
925 170
360 84
53 31
551 816
678 546
113 780
129 551
226 613
869 477
454 541
403 433
795 627
695 742
347 540
310 640
584 545
916 608
683 823
886 978
722 851
669 888
360 528
397 405
588 104
551 372
187 961
597 150
173 750
18 989
313 751
880 5
331 511
61 202
363 46
19 682
40 91
999 149
856 221
840 738
53 919
166 670
429 200
339 54
16 115
272 141
770 132
470 655
968 277
864 454
679 933
465 269
234 66
384 277
483 865
432 33
819 911
157 401
30 129
76 583
846 103
901 643
45 461
836 488
926 110
216 753
462 526
854 284
697 215
436 28
136 240
87 389
274 34
223 197
795 972
133 237
601 781
804 918
679 342
38 90
866 443
243 808
522 671
190 865
160 436
967 91
515 618
990 776
386 650
759 213
231 476
729 98
731 956
736 770
754 503
994 70
648 472
9 514
348 719
101 769
587 170
481 91
118 643
33 771
362 96
590 648
55 7
25 80
903 234
628 25
354 914
667 687
561 96
462 473
485 88
432 860
916 134
148 104
261 311
775 189
81 59
814 541
876 942
532 69
760 734
320 699
502 599
836 339
308 148
259 601
639 784
489 874
844 36
622 913
878 383
80 456
908 600
195 937
776 58
333 779
100 618
688 870
683 541
499 952
593 927
26 296
819 109
549 956
344 139
849 914
966 31
491 189
283 681
933 319
903 411
257 167
766 410
125 370
895 370
953 735
932 456
37 556
828 297
7 388
505 564
950 252
145 891
50 568
751 256
276 74
626 618
522 305
815 916
923 978
524 487
418 278
902 44
464 56
542 199
526 712
925 197
860 446
399 34
807 225
973 249
152 357
94 601
276 910
207 922
797 60
693 123
234 880
181 791
958 113
485 641
605 996
125 762
808 666
19 213
955 929
51 164
549 749
752 503
535 590
574 48
853 103
874 790
680 739
576 948
334 932
541 458
412 642
456 530
972 458
877 451
109 601
455 621
24 869
990 226
503 865
805 183
164 1
457 25
314 754
404 624
413 766
620 250
193 672
433 113
880 934
571 311
495 791
850 258
248 80
338 46
709 77
128 912
54 786
755 643
310 392
794 461
254 245
383 979
314 54
759 840
685 101
272 622
756 398
154 590
11 203
984 785
901 686
774 180
557 316
820 530
116 515
427 313
180 407
122 930
599 148
772 322
209 530
156 63
543 957
269 504
949 374
398 228
271 286
114 657
722 995
731 595
39 560
634 138
445 505
523 879
710 303
431 186
288 444
606 236
350 430
841 445
571 516
829 196
287 296
884 756
794 156
741 813
510 50
844 790
962 957
272 285
387 636
779 302
500 915
419 175
686 243
119 796
672 845
250 809
345 839
785 738
626 720
451 222
167 650
561 123
826 97
941 368
708 13
927 813
272 729
846 151
152 447
742 868
48 368
34 959
253 297
94 759
578 672
320 848
513 779
308 177
458 738
792 254
596 972
264 823
981 662
976 506
616 17
194 91
293 261
703 206
108 260
290 985
783 215
956 681
481 271
868 493
937 44
259 56
939 586
923 65
425 960
487 134
344 176
330 79
187 714
277 580
636 615
92 709
348 895
809 251
260 549
871 365
601 377
322 874
36 12
790 253
700 123
22 107
573 227
460 988
465 590
605 178
19 935
10 562
893 759
715 559
609 32
849 625
611 622
171 525
851 223
46 319
505 543
106 106
680 277
334 122
396 617
382 326
555 560
405 789
686 382
135 396
29 649
820 692
859 838
38 729
628 137
974 437
780 598
738 968
722 325
323 146
422 346
78 392
371 702
198 701
532 53
327 347
20 257
96 743
91 956
511 543
972 995
213 385
683 225
616 156
639 736
602 467
344 511
291 728
627 572
791 671
32 172
982 302
415 635
661 843
645 310
350 68
43 620
66 903
195 825
278 272
649 924
400 238
773 547
266 715
171 826
853 646
399 986
666 411
80 932
802 747
417 591
954 414
336 921
633 213
119 934
488 612
658 662
79 352
409 908
780 133
291 336
609 445
44 136
390 420
300 34
104 675
413 861
971 863
989 394
251 549
103 572
267 824
200 229
419 581
578 966
972 722
100 405
688 153
780 713
506 588
109 353
623 27
21 731
65 987
821 4
256 452
475 712
777 166
885 909
636 5
200 673
797 172
527 455
433 889
587 344
52 997
829 763
61 849
227 89
56 335
19 325
155 389
856 310
305 528
766 793
625 207
187 532
99 224
173 537
657 212
514 631
131 61
933 496
511 196
460 774
732 558
3 132
12 78
141 302
789 386
535 98
187 464
171 951
980 275
671 866
69 28
32 739
839 552
982 865
348 69
274 864
408 274
380 598
624 476
440 931
149 5
336 532
776 881
889 968
543 181
241 649
561 94
711 996
676 889
300 405
270 581
256 19
989 543
115 430
228 247
281 576
350 678
43 202
686 656
497 163
725 523
264 796
303 485
118 428
155 722
247 72
411 844
964 624
565 99
959 831
415 797
548 966
424 352
276 641
304 918
908 658
947 844
716 183
866 260
340 163
711 108
485 902
967 6
222 75
49 567
508 908
752 242
203 298
429 804
288 556
622 539
18 765
714 5
880 229
248 143
693 905
31 790
948 789
427 698
745 459
67 723
429 488
927 121
286 371
219 828
85 923
267 98
343 471
931 203
96 144
573 642
133 629
232 304
285 346
361 236
324 480
896 225
91 407
38 690
958 611
423 492
206 964
102 821
471 480
720 436
699 837
556 74
630 939
775 232
745 7
618 287
180 342
590 153
560 412
816 886
318 508
34 815
73 787
426 69
359 801
234 806
497 472
762 548
635 798
981 774
273 847
492 341
955 891
941 836
307 152
950 946
203 27
138 642
998 910
48 780
415 902
18 940
147 688
477 713
170 755
13 871
89 449
677 192
458 54
709 575
861 916
183 648
554 812
810 434
296 52
540 207
487 22
383 449
166 553
973 951
221 23
131 787
170 823
267 339
864 373
663 465
866 735
573 339
903 454
31 155
552 434
400 847
612 834
349 356
600 478
969 175
58 406
148 276
187 230
81 799
104 584
512 767
897 11
205 502
659 753
200 202
163 990
827 295
495 413
426 372
375 955
836 447
301 564
345 636
829 786
510 709
185 84
95 697
466 663
655 827
46 875
67 152
74 868
855 832
87 314
221 868
94 498
223 170
631 313
578 423
910 286
86 225
199 66
623 442
402 224
540 926
722 793
388 403
49 925
692 193
35 734
791 783
62 473
431 140
610 184
188 6
340 441
287 338
785 220
93 159
296 959
704 44
335 70
934 590
196 303
309 968
334 437
689 154
179 648
864 384
336 553
172 455
444 572
515 435
771 989
3 615
349 761
423 342
10 265
840 248
443 493
256 8
475 956
2 548
154 667
431 921
103 652
802 31
290 491
661 200
440 452
760 653
209 249
29 910
963 16
677 866
398 381
91 253
626 842
460 14
280 348
997 241
817 587
259 550
51 392
655 140
821 180
240 511
293 331
76 77
613 818
318 150
915 416
477 623
463 556
924 210
36 562
511 784
227 425
504 546
801 394
506 112
540 17
886 151
992 678
749 758
235 112
438 567
938 583
396 31
866 933
469 672
914 623
370 699
386 180
895 387
37 637
754 961
957 572
67 758
837 6
175 739
131 521
267 121
110 555
20 791
495 247
405 219
225 471
707 951
582 501
250 898
437 170
183 346
628 83
372 401
125 231
404 404
812 505
67 50
94 680
57 89
721 66
276 829
647 350
940 484
582 945
218 204
511 577
792 275
697 410
40 627
540 800
886 934
351 57
731 695
187 853
369 842
378 232
341 484
491 315
209 818
550 43
398 772
882 539
813 923
785 122
469 497
990 77
810 479
247 572
487 237
865 293
277 415
279 225
302 66
101 716
767 27
126 145
511 473
22 60
504 105
589 760
384 377
831 655
395 91
556 406
132 926
519 290
837 395
604 394
862 982
516 848
765 249
147 424
873 72
324 368
508 100
185 63
494 51
738 917
224 531
171 124
134 128
489 593
717 41
189 624
138 990
251 955
530 588
18 376
320 624
375 26
527 393
566 417
753 238
972 72
204 162
497 424
612 39
481 547
711 301
584 576
734 726
517 116
826 645
556 542
118 171
104 485
655 410
51 158
535 624
611 502
544 45
339 667
800 135
334 994
705 30
615 567
924 312
253 722
624 970
165 908
377 46
785 247
326 145
644 830
667 247
886 505
153 893
266 676
321 567
662 974
383 337
300 907
279 378
233 440
221 135
991 935
371 294
534 103
186 209
232 527
582 275
236 987
93 894
153 441
997 792
840 221
736 30
955 252
120 307
104 728
985 881
436 703
560 91
500 518
802 248
864 801
149 399
647 384
746 333
368 571
536 3
347 266
727 39
674 145
379 157
471 741
789 704
593 71
773 331
427 259
406 927
228 381
392 121
968 652
661 631
96 967
456 795
218 422
700 614
151 830
333 951
326 320
808 479
56 292
630 274
593 515
65 426
374 92
268 329
655 367
450 612
307 405
662 537
463 143
304 524
486 868
13 108
917 566
827 952
59 274
889 103
504 195
628 644
379 942
983 682
268 141
948 863
254 482
969 104
699 339
987 604
913 593
689 234
214 719
417 431
163 159
149 80
836 254
656 268
453 586
861 349
243 26
86 612
328 828
263 334
890 837
484 54
525 776
894 761
534 574
276 794
850 643
693 215
960 985
134 618
284 3
344 302
346 708
597 269
265 378
673 341
71 90
562 615
373 862
857 97
986 903
151 179
8 163
333 812
635 404
709 613
264 269
190 655
921 621
139 536
247 603
701 114
429 847
763 441
710 224
272 22
2 163
719 338
585 794
841 224
714 126
954 449
774 732
813 378
490 97
997 638
231 826
215 401
162 287
510 247
150 292
67 646
747 280
399 591
129 127
546 488
440 643
721 790
988 804
681 852
358 628
215 981
238 430
738 910
208 141
962 314
618 328
823 523
733 649
994 907
846 856
78 454
959 91
952 491
57 201
241 53
333 541
377 725
446 324
674 955
623 396
494 592
23 315
316 807
302 502
454 221
643 470
500 427
700 268
520 250
559 187
199 696
628 990
944 949
23 255
763 562
823 276
989 12
348 948
908 54
984 692
917 320
442 160
940 871
135 135
889 889
232 532
345 987
144 346
870 115
944 497
817 69
56 657
570 279
694 188
242 855
841 681
320 804
370 66
868 965
815 830
462 530
854 272
33 114
17 917
955 671
798 827
323 473
950 662
60 668
756 929
816 598
468 681
96 828
790 709
481 659
248 642
317 13
264 231
619 661
506 70
363 339
810 158
321 891
362 424
514 573
145 454
438 589
115 752
801 780
704 113
743 176
600 130
508 743
185 700
150 130
81 627
46 467
348 15
666 164
576 298
154 880
101 449
230 47
103 311
728 661
306 535
73 352
456 120
20 857
149 59
799 17
287 845
462 477
817 242
102 836
849 161
208 311
752 948
768 905
920 116
99 559
371 786
122 660
357 491
696 731
532 65
66 431
156 301
391 598
54 436
220 932
151 746
725 705
485 536
621 368
531 888
259 605
21 934
939 239
132 213
948 87
189 373
62 253
173 784
249 474
491 373
899 922
80 460
562 576
536 623
61 44
227 284
674 709
476 485
40 249
312 638
886 56
5 549
819 113
588 658
37 148
740 981
745 837
671 597
913 933
733 316
272 43
553 78
560 734
334 665
562 388
691 216
850 395
232 846
603 833
582 82
656 208
884 862
983 538
432 399
750 771
618 145
175 702
710 833
664 921
906 890
85 849
447 350
855 333
103 424
548 267
186 468
573 712
979 657
965 430
453 730
38 760
310 893
128 69
485 201
713 430
381 296
526 716
51 748
996 170
25 541
214 251
87 363
864 556
223 379
322 88
513 737
769 543
935 142
294 18
303 288
621 485
238 975
810 52
5 470
759 123
833 253
374 159
805 383
881 201
459 959
443 530
777 278
94 153
43 589
601 107
984 157
857 913
640 953
843 226
739 469
776 169
444 47
45 604
273 337
563 80
141 218
418 545
853 679
620 246
196 766
92 319
76 916
80 899
615 941
230 405
486 99
396 383
336 632
135 162
107 747
568 775
718 313
702 898
577 975
483 840
305 268
289 647
634 635
175 963
159 334
567 93
293 856
168 659
802 206
135 358
963 97
472 644
732 290
958 932
609 922
593 125
307 995
164 824
740 75
189 475
544 694
712 492
311 808
555 86
96 785
668 367
744 925
89 200
783 78
905 244
400 508
563 353
549 798
58 859
148 985
701 179
62 407
943 106
583 51
592 398
539 137
933 401
753 669
912 148
787 692
508 732
948 865
844 786
535 131
597 582
339 170
853 556
987 534
55 62
463 277
818 260
509 87
993 810
520 646
850 117
149 38
428 35
271 631
393 733
789 103
992 349
745 123
284 529
927 809
436 852
346 214
55 738
475 998
422 675
788 16
313 112
350 641
391 621
472 527
310 583
778 445
137 51
912 903
609 791
720 100
208 904
798 843
969 843
113 13
445 198
998 818
18 24
661 706
811 349
541 364
89 85
587 498
769 865
956 677
98 157
144 989
808 372
734 502
593 950
870 758
840 805
969 647
46 135
528 642
800 359
537 628
205 990
387 273
500 174
89 529
550 646
435 573
112 414
847 113
10 574
524 948
139 158
12 224
432 484
932 465
720 855
976 737
277 4
413 964
858 717
175 677
325 264
71 788
756 44
885 448
659 645
292 598
813 244
603 288
15 598
310 150
771 640
591 259
24 59
12 548
902 69
962 496
189 545
885 772
523 257
34 846
940 430
428 730
285 895
218 130
882 925
612 118
264 934
506 377
252 357
289 469
222 341
565 201
805 346
164 598
865 679
256 649
952 881
832 455
80 604
705 79
75 851
444 4
248 637
338 515
340 85
748 58
469 439
531 420
808 255
273 372
990 11
259 169
10 865
616 604
909 95
729 355
842 2
97 217
874 499
710 21
415 443
348 974
991 628
154 179
779 652
177 242
486 68
931 985
511 403
684 519
262 437
70 406
116 112
393 571
819 605
713 226
609 433
685 124
427 788
385 312
297 980
855 317
470 773
534 722
276 198
428 265
241 348
423 6
545 356
711 691
194 253
782 490
512 26
454 954
366 278
744 930
322 200
624 584
89 243
792 472
77 626
649 113
467 554
658 385
930 634
568 127
199 35
56 339
782 38
692 160
397 508
888 907
740 660
78 983
982 697
696 274
283 362
456 614
919 57
236 345
153 827
33 861
420 487
120 945
210 975
157 756
67 618
410 428
608 821
331 994
352 243
188 617
121 442
504 302
345 878
515 400
497 539
483 728
561 82
750 638
224 812
388 621
775 115
828 552
104 786
971 716
733 997
203 678
881 590
883 8
756 314
975 600
355 611
500 632
357 465
124 444
149 453
6 470
781 980
691 874
626 877
333 313
8 694
356 238
21 620
268 975
30 762
747 900
323 396
731 283
816 571
327 61
290 974
647 910
209 678
804 975
8 242
697 746
554 165
916 844
826 974
847 600
501 156
72 660
148 841
904 795
16 331
749 727
966 201
415 349
2 274
350 290
601 352
13 434
550 667
774 815
866 836
776 420
995 568
481 162
852 407
667 778
418 804
715 518
934 740
595 92
581 81
987 390
862 586
922 359
908 278
163 857
864 58
225 496
181 357
935 700
409 618
928 694
531 531
169 694
367 191
157 141
270 468
362 605
823 760
726 493
96 720
119 204
324 928
843 656
930 448
734 586
492 337
990 720
238 789
976 398
782 252
344 488
604 670
496 227
355 168
339 559
138 654
631 996
156 830
654 37
527 217
730 471
456 960
329 342
737 561
255 464
504 972
430 436
340 50
801 544
773 714
79 855
743 460
72 543
844 593
226 280
83 385
466 267
800 471
809 271
207 32
562 113
373 328
177 213
103 83
947 409
253 930
292 226
866 731
384 344
612 846
577 517
289 733
383 513
980 565
505 915
641 401
733 779
936 563
537 32
461 72
228 853
569 631
417 226
534 311
668 893
301 560
105 183
882 297
764 837
254 611
418 383
579 104
837 928
807 72
332 40
523 401
982 214
378 474
419 1000
541 45
963 743
271 300
61 840
342 851
118 138
985 125
113 266
406 367
687 970
765 770
507 638
735 958
592 440
924 287
908 948
926 784
709 672
123 575
70 90
990 155
102 331
946 37
736 497
316 301
657 303
514 208
115 925
650 944
283 973
396 292
45 75
672 795
340 633
345 785
271 569
54 955
280 996
577 914
245 516
750 611
418 78
185 809
37 776
21 403
81 136
565 598
985 850
399 266
920 35
25 961
253 379
811 843
336 105
746 428
642 739
8 667
280 416
467 862
854 350
621 705
547 674
125 914
960 941
298 76
240 499
392 24
751 672
237 474
661 648
449 202
543 852
105 888
716 136
174 676
446 649
160 498
416 876
109 817
476 596
386 844
95 226
757 965
153 623
812 778
155 9
856 426
14 380
648 406
226 254
784 726
710 340
606 133
205 788
509 510
788 885
610 459
130 26
12 218
948 830
572 994
775 831
429 511
747 140
505 617
489 172
348 241
131 525
560 937
816 259
382 304
811 632
578 773
225 491
444 691
232 473
665 467
102 770
729 980
7 789
104 930
567 381
696 661
569 393
364 515
18 385
401 527
246 635
322 11
640 428
591 649
137 102
554 497
351 37
7 729
97 747
765 1000
913 295
41 508
938 882
297 10
691 342
910 244
956 882
739 98
919 382
465 809
338 569
762 961
688 804
545 941
981 161
937 75
847 712
26 362
231 151
97 151
235 225
883 653
719 307
387 324
297 454
410 239
193 533
36 101
700 220
672 613
144 462
914 734
974 790
499 434
137 923
997 671
727 618
49 71
275 517
120 172
300 80
376 790
249 520
881 783
332 577
408 17
470 979
772 857
239 18
299 153
559 847
29 848
926 454
391 841
582 612
564 731
806 680
128 15
114 152
727 174
826 333
494 55
708 809
671 423
51 550
143 254
860 636
316 642
461 487
484 856
657 698
765 313
32 329
878 8
899 645
972 68
331 84
882 966
531 63
803 802
192 813
134 704
247 841
291 691
406 320
99 174
544 33
943 411
726 793
855 767
514 649
936 331
221 735
883 986
848 631
304 661
624 974
677 92
550 474
511 10
151 101
61 231
451 727
169 350
939 878
176 558
321 523
487 98
678 457
588 591
175 577
680 253
883 534
297 691
818 343
382 110
20 757
979 920
935 637
727 511
932 689
992 396
902 281
436 699
717 278
862 833
115 508
295 192
25 996
392 545
431 896
661 191
94 842
502 575
746 329
24 219
778 460
764 181
358 898
81 367
284 388
233 564
927 690
694 731
588 378
627 740
830 395
281 974
929 842
878 407
908 704
730 150
776 82
407 172
688 654
100 898
319 608
469 339
810 369
911 669
701 249
888 992
869 803
784 747
913 9
415 647
447 822
908 772
947 214
799 434
748 474
896 755
718 518
176 857
102 219
496 938
837 45
512 946
270 934
733 76
818 458
382 277
864 116
901 913
774 417
617 860
797 576
91 421
642 815
515 455
310 193
690 611
637 498
819 893
215 92
517 722
826 35
812 18
155 817
113 655
475 800
295 117
643 917
938 347
426 119
642 659
229 979
711 467
160 166
967 869
824 141
363 609
19 109
644 408
609 861
275 215
973 421
636 225
32 95
327 232
350 155
647 821
373 858
412 362
700 757
165 110
174 788
529 507
213 882
658 161
923 15
856 90
434 976
821 740
754 649
300 553
191 956
784 870
399 919
532 984
170 889
463 28
165 674
68 307
732 842
988 252
914 763
538 63
448 617
713 51
676 897
803 177
111 748
150 312
7 481
724 917
466 133
881 866
71 990
2 739
841 800
110 415
444 803
552 572
972 669
310 860
591 453
780 532
789 802
872 424
466 713
964 344
664 436
189 615
392 215
855 150
401 415
901 474
479 226
133 96
216 426
995 128
338 901
377 729
928 199
441 584
201 532
736 911
934 124
807 710
443 563
325 955
952 811
184 405
899 868
41 12
645 264
576 919
117 313
654 254
412 765
486 710
396 218
239 778
580 822
213 903
623 844
503 834
853 696
641 632
514 230
516 424
461 751
101 600
124 943
866 676
686 139
262 371
926 666
799 168
589 580
653 467
395 431
750 937
146 875
254 792
902 306
565 540
964 15
950 46
717 369
348 500
871 1000
237 972
509 807
428 467
211 933
513 915
324 652
612 383
24 192
522 67
741 93
660 981
328 598
851 866
752 761
397 638
521 154
968 661
96 816
557 733
652 843
285 954
52 987
790 729
591 898
531 175
515 594
130 748
810 154
743 744
535 764
611 74
761 441
173 603
890 31
191 790
982 743
961 824
857 895
947 253
126 468
308 897
919 99
785 379
257 802
40 462
3 194
102 316
690 56
842 207
240 565
754 947
888 385
339 331
858 857
288 923
145 518
182 279
576 302
673 708
546 586
214 676
675 434
698 881
534 491
345 676
642 840
667 679
462 289
524 356
358 726
215 187
471 45
876 934
989 577
205 210
115 364
636 282
945 539
952 329
811 254
746 473
603 112
755 301
651 678
393 186
213 281
748 738
674 797
238 836
609 816
164 706
459 6
853 218
325 593
878 263
408 931
887 463
691 352
905 386
942 659
504 635
338 623
342 563
236 82
706 686
503 740
715 388
574 457
69 271
899 90
788 962
398 658
421 531
301 61
801 925
681 679
644 573
439 83
563 647
547 266
676 110
201 330
185 589
992 75
611 691
196 459
945 980
251 589
638 43
774 305
668 812
813 213
135 489
301 897
582 530
324 294
896 175
271 729
771 737
607 997
370 164
423 434
483 415
547 838
17 823
215 972
595 594
261 164
985 626
489 643
521 496
712 357
267 620
18 298
479 137
209 413
220 827
319 673
303 300
964 825
969 913
752 495
805 379
588 125
551 331
904 4
235 840
311 535
350 43
647 837
105 920
89 259
38 324
135 730
762 26
771 466
130 502
810 628
667 5
118 801
690 158
176 536
201 955
240 671
277 502
81 669
83 443
514 259
650 963
387 763
783 889
679 952
776 745
619 443
257 52
909 516
699 80
111 860
261 597
293 836
394 217
578 549
730 664
536 465
854 265
600 984
787 320
872 56
835 204
413 382
422 500
740 119
968 634
518 338
424 728
834 31
216 346
933 857
70 740
967 110
342 921
729 13
648 37
443 675
740 651
390 878
2 382
57 761
403 997
373 95
744 605
283 331
396 170
571 540
329 153
737 756
112 231
905 692
248 295
338 345
642 289
257 965
586 66
736 443
828 395
814 82
482 715
233 343
749 903
230 4
802 925
89 836
382 451
875 718
958 667
462 458
893 958
819 775
759 981
261 474
851 406
821 306
113 709
371 829
816 926
198 830
276 872
149 486
82 587
910 747
15 397
753 390
995 449
137 55
621 647
363 667
132 254
351 394
833 415
579 175
503 223
549 587
97 644
869 730
636 187
657 986
288 131
350 193
938 965
691 263
412 316
820 417
527 181
566 709
181 617
38 418
520 445
958 275
248 758
815 238
160 316
365 397
577 45
49 596
321 751
535 364
60 76
249 125
514 425
207 188
585 836
857 751
255 128
700 115
211 38
340 642
107 393
400 823
462 149
803 251
72 847
383 701
611 662
558 115
528 66
475 139
590 768
650 765
638 12
292 594
776 927
15 594
100 362
229 74
86 717
803 311
275 366
441 90
835 102
798 126
159 544
952 313
147 25
539 747
405 721
603 224
472 926
384 596
942 839
213 393
303 267
471 961
296 475
683 217
847 846
208 775
565 213
307 253
934 42
514 760
182 874
553 262
661 851
246 109
283 21
308 576
294 695
575 514
465 887
338 511
979 397
967 340
400 230
805 154
978 702
814 168
83 414
892 868
641 566
606 974
364 461
996 942
260 656
163 423
864 296
582 230
693 891
31 100
896 531
54 783
206 250
432 19
141 629
418 986
842 450
58 437
745 277
987 368
881 981
534 726
827 344
688 145
102 583
436 46
897 468
332 79
191 260
673 13
124 233
899 735
772 343
887 140
730 249
792 476
423 582
815 320
229 691
400 405
56 343
847 979
909 268
613 622
99 232
922 728
80 715
246 248
230 733
322 648
179 817
587 156
983 727
358 192
879 934
662 904
992 778
597 685
2 991
477 383
392 959
410 424
802 630
214 882
864 419
993 769
520 751
45 172
158 853
785 765
589 559
665 39
3 584
884 93
651 212
584 177
33 669
146 916
916 208
918 930
627 98
516 921
348 385
228 255
85 594
855 434
306 909
661 245
424 812
663 843
940 332
873 887
308 166
919 838
937 611
955 742
51 493
604 519
159 798
422 68
392 55
108 281
230 780
714 585
843 935
331 139
633 639
621 230
326 386
365 424
717 676
39 952
191 845
4 416
80 838
50 34
753 609
610 490
326 846
384 449
771 239
280 658
275 921
367 263
97 487
701 739
978 424
157 581
272 421
115 199
477 500
228 558
223 853
225 500
444 850
68 70
167 786
215 6
683 304
413 63
881 767
60 948
523 280
73 795
901 427
781 837
670 232
13 731
195 264
181 805
905 57
942 808
616 169
648 228
761 605
78 881
959 936
874 964
636 811
249 433
378 23
673 279
161 635
539 330
668 110
13 159
456 964
338 536
227 375
446 983
70 995
349 184
222 190
88 190
35 409
307 348
143 962
992 980
865 346
224 334
853 745
302 97
196 684
122 357
16 58
876 318
532 914
511 506
495 993
278 841
326 965
861 80
713 201
185 928
646 759
775 913
279 710
528 210
436 535
989 445
138 441
608 223
682 698
440 321
864 841
901 604
246 789
732 368
197 747
349 800
190 380
660 4
699 982
21 718
388 839
143 223
203 832
459 218
830 319
816 665
548 800
825 157
954 635
260 424
333 991
264 58
725 301
356 384
229 670
252 721
861 701
757 636
835 562
602 331
551 310
240 56
620 347
682 306
334 961
246 157
502 267
481 12
31 944
822 965
474 895
787 642
796 972
395 813
141 257
918 91
978 334
376 4
182 326
629 231
387 558
871 110
509 169
73 437
954 278
721 513
223 911
760 217
98 960
375 704
709 224
914 948
718 342
349 753
533 195
736 49
275 687
976 992
171 270
210 296
655 720
950 20
152 81
816 968
855 425
237 914
608 362
350 691
924 614
216 691
474 247
280 420
160 842
363 725
215 812
644 500
556 808
53 290
830 426
982 97
569 188
659 62
27 312
908 743
601 851
564 65
753 56
181 575
958 345
981 24
801 386
748 885
257 684
821 624
736 708
143 612
383 163
807 573
892 683
32 943
415 356
883 772
689 579
396 23
788 881
405 303
174 100
656 163
838 191
257 872
519 673
595 71
641 307
415 184
452 44
987 433
129 455
297 793
922 268
548 198
290 178
571 47
112 776
444 847
232 477
158 997
361 255
91 386
160 537
738 790
261 373
814 611
51 673
360 48
911 463
987 125
807 302
475 769
369 262
205 152
800 600
302 978
57 97
647 342
744 229
322 7
324 585
485 602
365 244
40 635
955 854
796 338
263 879
270 57
791 617
406 713
265 671
668 11
43 542
536 685
61 110
568 382
1 643
861 903
79 894
335 480
669 512
572 205
828 167
918 289
406 117
671 555
763 602
581 425
636 708
491 895
645 696
410 235
675 701
366 744
75 717
573 326
315 58
949 695
755 760
93 993
349 279
900 921
222 543
280 770
586 802
210 206
758 671
470 983
163 813
555 607
974 470
176 319
289 112
722 486
208 96
159 735
860 632
113 805
994 934
613 912
124 163
186 970
977 845
218 347
442 983
243 644
227 11
905 137
446 363
215 570
402 245
222 498
441 617
127 435
978 807
613 596
311 601
170 651
601 421
663 149
739 275
801 660
342 756
766 651
148 584
240 729
150 42
226 388
466 407
763 727
477 309
650 921
228 749
64 326
504 508
340 610
453 461
257 114
771 1000
577 905
63 898
561 12
932 701
609 280
556 257
76 414
929 258
103 611
470 866
751 215
43 252
707 149
119 393
428 434
439 722
725 601
637 189
727 63
584 311
402 932
367 956
646 195
30 676
858 45
475 535
726 236
212 610
899 626
4 918
193 75
781 586
352 980
868 292
838 660
86 361
492 80
28 210
807 536
256 941
791 887
9 555
544 176
468 136
182 650
311 466
205 875
675 535
36 987
308 864
70 238
349 445
439 63
819 645
58 337
314 967
97 445
837 41
641 726
55 124
129 506
332 679
138 376
484 506
675 83
470 573
555 761
949 897
91 441
755 974
3 767
243 226
483 563
819 833
457 640
722 140
708 79
307 750
733 524
994 780
115 333
228 84
470 249
527 299
730 933
91 869
898 773
160 186
199 251
111 479
540 725
632 686
14 180
752 403
143 464
844 67
973 417
152 957
482 412
890 257
302 627
403 748
320 350
389 961
156 972
209 717
456 910
649 853
958 297
995 983
598 272
799 751
531 345
183 602
921 629
574 488
745 810
157 940
249 59
641 999
733 281
477 91
650 895
758 244
631 638
864 327
912 77
718 401
538 59
390 495
71 986
756 98
334 184
431 870
417 316
419 410
96 381
774 272
172 194
543 477
391 864
923 907
584 401
416 483
789 814
441 912
261 133
501 768
941 547
946 911
164 976
800 712
532 247
20 451
424 588
795 591
543 529
322 183
218 324
919 550
702 178
61 794
868 158
100 864
773 941
88 791
964 792
602 401
434 319
805 284
565 267
256 887
348 584
899 872
311 628
260 790
924 301
444 202
84 33
250 265
729 349
226 481
620 209
733 494
145 653
182 412
793 809
387 728
373 495
343 651
396 282
20 734
444 526
658 724
568 810
628 410
667 558
651 357
393 629
102 961
148 233
353 573
346 302
161 211
419 519
864 798
555 495
424 891
195 492
704 870
815 710
561 931
907 699
33 10
826 313
111 305
132 362
812 756
708 933
194 63
964 463
752 765
159 879
881 479
627 271
62 126
998 858
548 925
643 655
532 378
94 431
682 171
977 989
320 504
857 135
511 834
75 78
77 564
951 842
199 993
365 505
593 542
169 22
540 35
909 338
819 236
934 239
459 717
120 563
899 213
576 870
131 127
691 87
59 257
188 235
836 719
785 383
400 923
24 983
425 632
706 923
14 970
957 522
888 389
558 7
567 847
629 178
205 650
719 48
228 637
193 790
654 645
841 898
509 116
186 73
564 870
702 812
614 8
667 699
506 861
155 808
390 209
565 749
307 661
295 76
99 599
975 542
163 550
795 745
631 493
128 270
561 600
651 730
713 869
208 875
388 103
104 300
242 390
316 897
136 103
726 92
781 474
843 97
799 778
361 794
838 292
697 548
476 509
683 521
676 470
911 521
291 944
143 947
519 776
175 258
657 7
680 928
182 570
244 871
546 793
230 278
304 404
624 205
329 39
850 387
121 325
158 578
755 514
296 711
794 74
561 333
796 748
49 49
983 530
805 586
224 57
851 132
284 771
793 3
906 866
343 401
290 31
186 476
405 830
6 195
107 946
769 427
988 857
310 885
439 531
423 430
100 265
815 920
870 285
727 252
21 383
798 89
671 469
858 236
768 28
678 563
971 519
599 23
87 355
548 759
221 813
299 275
172 547
320 514
375 36
852 736
584 562
773 72
49 806
835 387
602 442
821 860
703 408
890 369
431 197
341 327
313 734
207 418
133 459
818 837
585 598
179 133
52 701
580 991
688 909
709 765
326 71
183 714
26 131
960 13
932 163
678 443
791 120
390 563
279 324
560 577
392 979
841 120
714 502
98 627
234 83
589 603
515 264
241 821
935 947
3 572
907 210
690 734
314 58
888 155
263 135
897 73
320 977
882 363
243 287
981 533
932 827
533 296
261 21
685 541
851 845
604 915
74 930
256 443
113 904
459 228
920 850
99 333
173 942
380 354
751 861
682 180
179 338
949 378
679 161
536 913
22 684
204 775
522 748
985 191
307 423
911 675
277 707
740 695
904 947
71 343
991 262
313 875
80 682
744 577
843 279
580 834
273 454
704 110
280 614
690 17
261 770
173 54
927 477
475 306
862 674
73 371
449 780
488 822
243 44
676 640
457 718
641 168
168 774
115 407
11 368
530 672
440 390
403 250
986 401
91 831
596 976
561 563
213 256
238 173
773 238
851 982
427 430
284 45
602 80
950 542
191 430
666 932
961 96
887 486
485 943
19 503
990 900
425 972
118 67
192 961
28 383
305 678
969 655
662 762
44 709
904 830
980 9
505 495
71 456
364 342
984 379
306 347
956 225
278 989
481 199
303 634
822 542
326 937
370 761
757 507
999 402
374 933
289 613
992 164
604 497
860 107
2 821
846 434
101 345
267 187
659 653
98 797
15 606
485 220
893 207
932 925
971 538
76 382
60 859
885 780
228 1
265 25
532 57
223 270
721 128
647 664
181 774
536 811
898 942
458 413
137 160
372 919
854 23
801 153
144 644
125 745
994 285
869 587
982 314
576 933
43 600
27 127
304 728
857 956
677 233
382 609
843 241
435 210
813 985
151 22
407 904
688 994
672 487
287 438
197 308
607 249
847 654
773 535
351 575
782 799
418 530
678 412
406 51
980 156
452 789
749 553
348 966
205 587
885 25
387 642
357 912
573 396
594 893
693 839
951 51
370 620
478 867
471 238
879 733
660 487
976 596
388 738
263 162
971 843
498 411
124 289
419 625
901 701
979 521
587 776
513 941
695 349
310 997
919 969
294 478
432 595
983 454
146 737
420 663
869 316
468 635
394 610
117 924
433 885
783 125
949 357
933 928
610 559
612 225
317 475
619 711
312 709
79 577
448 389
526 128
985 162
35 743
731 578
821 972
240 39
913 94
373 70
933 484
594 684
762 150
391 504
529 31
282 89
510 3
844 999
849 651
733 57
770 37
115 894
922 152
463 312
961 694
675 480
534 37
186 159
663 643
391 956
656 467
453 387
524 346
870 476
381 225
56 622
932 759
814 759
985 951
966 978
846 132
410 872
350 658
495 335
926 143
329 917
271 990
988 604
536 69
218 32
596 957
868 954
997 282
609 770
886 514
851 829
104 214
565 119
397 677
934 404
973 498
242 380
122 806
507 864
274 67
147 819
631 107
117 737
857 218
216 206
566 754
956 666
377 317
469 277
222 55
95 207
923 112
139 673
731 991
74 502
443 791
874 529
212 88
362 461
514 478
643 254
283 767
790 226
488 650
361 668
577 640
616 954
215 478
404 895
604 494
966 653
758 611
608 88
970 595
811 605
594 103
578 864
903 5
449 956
15 581
702 641
974 426
826 229
911 300
161 51
968 957
110 14
209 335
656 778
398 435
616 173
604 662
613 704
50 273
827 715
723 522
248 618
342 664
222 162
727 963
411 273
932 149
369 687
867 440
712 582
767 32
788 923
456 388
610 381
797 851
84 660
384 336
757 363
116 101
33 639
819 584
56 712
660 460
201 289
37 651
44 153
703 639
498 372
334 246
922 498
34 242
682 678
301 552
116 985
635 635
137 372
690 856
863 539
169 555
208 79
67 132
733 711
904 417
638 604
18 339
592 116
954 519
753 135
520 352
725 297
928 5
213 5
506 497
838 632
764 257
515 551
208 651
853 454
339 832
454 19
348 562
862 172
147 585
313 817
246 145
126 619
993 316
594 713
723 919
460 791
667 172
983 718
602 907
457 248
992 867
37 508
145 587
779 276
163 59
59 122
850 163
315 468
465 327
746 976
31 496
716 824
914 944
974 192
651 175
715 804
609 313
632 134
851 484
157 299
489 363
256 4
590 3
936 678
348 442
712 141
578 586
797 492
656 948
739 549
167 52
206 554
981 736
817 583
838 811
621 697
584 342
199 359
789 745
699 615
388 182
208 954
669 67
602 102
512 130
332 475
212 641
839 292
34 589
592 239
705 768
230 869
527 123
730 373
970 420
716 128
165 134
972 282
331 226
190 811
361 875
529 355
568 503
321 825
88 92
397 68
588 857
572 438
844 691
71 258
862 27
793 560
670 898
269 795
559 398
93 104
667 825
111 644
496 973
978 449
634 687
175 759
590 722
168 639
996 685
689 3
908 363
343 454
396 599
767 990
110 567
202 898
811 624
391 972
105 85
972 517
93 556
944 46
600 640
533 84
595 903
157 160
911 459
731 199
129 903
355 763
85 462
507 404
34 796
366 473
834 887
320 753
255 995
458 579
898 996
882 75
462 991
213 475
86 91
930 437
130 993
185 378
699 752
321 74
856 705
639 734
344 277
973 578
422 200
226 969
648 205
212 276
530 145
491 311
772 86
304 786
66 849
239 930
331 287
967 394
787 992
487 225
648 265
830 529
784 953
71 631
795 347
638 425
880 865
419 127
956 334
598 767
582 144
84 881
504 117
875 934
116 2
870 159
706 852
28 840
379 720
729 749
713 208
736 159
646 524
828 743
943 662
90 532
966 541
2 734
777 732
592 589
836 72
582 604
91 19
589 304
474 393
497 792
473 320
627 355
664 407
60 800
9 230
673 95
696 808
553 993
94 515
29 364
963 754
308 421
905 141
190 897
264 3
584 588
877 57
194 335
127 447
627 991
60 356
78 997
874 848
265 520
765 885
71 164
373 908
585 620
306 119
329 302
218 667
790 429
45 666
529 85
70 119
1 540
183 780
335 113
162 521
662 986
892 973
244 44
297 699
228 745
654 537
827 231
813 456
119 833
979 928
875 787
91 288
806 915
515 322
681 622
296 524
499 7
524 140
547 117
162 461
471 181
388 671
722 21
872 698
745 204
46 555
985 893
604 17
971 830
78 248
57 451
440 309
617 27
873 161
121 964
308 244
769 366
753 459
398 370
591 555
372 755
891 325
928 457
997 192
12 828
863 683
351 327
782 391
837 824
55 879
406 939
673 468
32 476
468 720
553 622
809 756
631 189
730 158
640 650
970 385
695 940
868 288
709 996
801 505
273 64
773 883
833 8
51 119
164 318
362 499
749 261
258 214
207 233
283 265
788 858
165 805
709 312
748 466
303 683
453 250
842 234
849 574
791 311
429 402
196 419
666 143
396 684
864 12
813 189
903 63
428 221
730 621
128 161
474 303
589 406
522 337
116 792
86 624
893 96
842 686
510 560
413 113
256 180
205 239
189 746
613 242
364 528
848 461
479 865
691 905
582 838
345 325
218 253
610 715
651 763
123 72
930 430
125 538
134 614
856 742
895 655
911 938
143 476
39 735
904 188
235 688
161 693
57 516
647 813
820 359
142 143
329 388
917 779
882 744
481 321
725 46
490 657
326 43
257 720
307 362
187 256
643 21
297 465
818 53
908 183
126 358
993 57
776 513
278 923
762 374
490 85
469 804
831 670
266 834
775 839
249 635
413 898
989 335
883 244
777 679
765 232
534 261
419 414
292 656
647 30
299 180
301 990
285 505
52 484
142 610
681 832
497 883
342 357
722 511
81 397
461 506
959 79
742 597
726 334
221 782
209 498
433 774
804 787
324 965
591 769
462 847
446 368
356 502
416 931
130 913
886 802
247 892
708 754
602 413
496 64
78 910
763 130
620 265
592 490
444 198
252 875
416 623
787 592
296 981
614 597
139 385
909 157
88 343
162 994
842 64
791 153
468 418
887 865
140 956
59 52
573 434
227 874
414 438
988 79
974 142
229 381
563 629
381 18
148 245
404 95
724 544
55 326
500 567
998 274
493 346
864 786
223 625
594 391
449 732
582 748
128 439
972 776
780 647
789 703
669 153
247 397
927 705
420 681
475 526
915 118
751 882
117 594
283 224
156 18
433 691
345 95
843 1000
739 171
787 801
146 235
492 105
577 181
655 286
496 507
648 456
44 817
311 453
871 269
230 671
359 505
89 749
649 627
951 266
40 438
153 249
796 533
535 184
978 503
768 601
325 364
590 664
258 311
25 32
408 344
998 77
818 479
675 442
569 931
825 521
564 866
582 415
326 729
935 709
370 297
266 124
600 714
33 351
750 572
162 61
660 300
918 620
261 295
987 11
295 72
523 173
138 133
929 246
161 108
532 85
772 580
691 940
66 419
566 380
859 226
255 981
845 395
114 407
838 860
801 45
17 766
425 337
798 658
420 604
293 298
611 291
844 84
874 915
514 832
198 473
680 616
825 385
809 772
477 654
170 310
80 440
105 795
142 176
550 29
522 562
222 13
766 974
819 125
895 814
397 175
37 152
97 869
980 40
528 729
302 20
583 381
468 260
567 536
272 39
952 713
371 499
675 747
956 128
98 760
596 111
822 761
974 804
538 32
305 131
215 384
395 1
948 979
270 862
16 841
590 871
438 16
205 315
78 59
500 841
855 321
417 299
239 236
158 2
949 829
552 585
354 825
877 555
586 680
863 1000
517 618
494 5
976 772
263 466
422 369
406 874
560 338
212 941
657 744
751 980
209 405
359 927
820 211
15 115
700 825
958 97
942 874
651 587
981 960
764 432
568 155
252 668
990 662
937 298
644 272
178 958
14 40
330 837
574 32
904 12
161 549
758 444
705 32
562 747
389 605
781 331
601 119
216 19
714 830
933 16
917 891
368 254
294 714
658 809
95 394
600 40
201 931
166 611
687 327
136 978
858 967
11 831
624 380
700 161
956 283
188 909
607 658
651 380
102 990
139 32
586 923
805 763
715 885
127 633
46 753
604 43
567 81
295 306
765 88
530 809
968 166
493 373
96 481
578 573
426 318
744 461
43 170
910 612
437 94
458 879
206 661
506 627
208 9
155 562
427 297
846 980
687 592
415 893
913 499
380 382
184 209
518 330
186 931
96 813
449 51
218 496
792 575
47 215
912 708
160 441
19 366
863 17
79 550
139 853
353 313
120 540
429 900
16 311
491 87
728 74
50 74
253 689
827 910
430 129
476 199
757 114
780 399
563 809
508 720
404 907
443 103
542 657
482 707
323 733
196 341
604 378
989 176
920 425
410 407
728 646
283 911
34 267
262 251
121 611
603 675
642 893
515 505
958 643
478 969
485 83
72 392
42 544
512 256
452 435
346 218
16 703
994 862
445 534
48 352
341 997
110 162
578 688
82 579
617 206
211 797
128 295
642 673
845 486
877 789
554 328
455 195
773 234
441 657
722 514
282 663
51 462
385 938
756 805
904 230
959 832
800 951
394 648
209 767
433 515
105 830
285 546
142 213
329 498
255 372
972 348
114 564
868 413
635 506
363 223
937 28
402 401
425 816
127 159
224 470
611 194
67 864
583 152
862 465
168 253
758 134
689 909
779 527
116 497
111 702
21 162
918 144
851 239
210 29
194 694
710 854
452 98
823 109
2 817
885 468
396 537
954 95
202 984
684 452
285 271
582 559
988 882
368 843
310 866
439 522
621 944
713 445
517 629
609 764
95 537
976 793
683 277
388 959
67 248
397 951
159 552
180 313
346 33
648 587
355 821
20 273
246 697
151 622
130 935
556 609
187 939
353 391
138 681
622 785
832 467
193 367
970 353
649 908
465 879
338 503
912 298
877 462
515 855
734 105
26 168
796 852
268 93
487 43
814 176
32 632
272 183
182 430
645 762
705 391
260 664
410 301
728 800
75 651
82 165
490 142
861 397
384 319
681 575
499 116
395 401
337 130
675 183
223 571
979 525
234 572
612 681
349 797
591 408
206 702
545 368
356 111
780 761
379 198
416 332
7 968
321 321
904 320
816 700
726 147
228 432
378 261
251 113
108 670
864 680
601 811
873 590
587 328
342 906
826 847
810 200
79 589
706 489
766 777
844 351
256 784
622 668
184 626
576 820
832 174
50 423
585 554
417 936
444 147
979 286
84 122
377 240
400 73
296 906
351 684
692 744
314 882
542 698
620 890
311 67
809 477
336 516
903 140
444 727
926 311
515 412
8 870
704 451
462 503
621 854
72 109
418 105
955 306
519 461
279 884
911 423
422 688
228 231
779 241
73 918
262 856
806 613
612 476
61 562
635 917
143 397
392 63
726 46
599 276
394 661
721 494
626 293
38 447
98 138
248 739
852 999
174 719
340 179
515 753
607 31
476 563
374 406
946 303
196 545
876 67
71 483
221 402
518 806
691 238
308 806
774 795
6 689
896 693
845 750
141 467
404 891
775 788
595 104
851 210
943 546
858 762
512 628
233 239
415 133
129 36
666 197
34 379
200 79
617 770
889 613
285 298
340 811
437 159
725 876
393 857
176 167
584 36
125 156
593 170
208 200
427 118
411 621
837 559
788 148
147 4
744 200
843 652
255 896
511 618
458 610
702 193
423 800
490 787
939 270
134 556
611 406
422 235
869 594
212 299
991 67
908 565
255 452
202 208
679 422
47 456
250 196
732 704
439 306
49 732
835 781
162 917
625 481
164 251
143 970
791 78
136 540
482 898
528 270
302 105
763 639
804 58
700 251
165 608
693 878
810 998
944 316
176 918
379 753
471 193
888 105
249 561
233 84
489 482
680 405
673 572
675 154
569 643
110 349
453 889
589 209
711 706
56 776
254 623
208 67
247 482
284 360
512 11
590 372
371 574
712 450
894 942
18 335
147 913
345 8
665 893
492 56
660 576
448 446
247 806
231 413
14 509
74 296
166 264
890 214
528 573
913 117
696 259
936 274
41 178
334 969
705 203
387 90
562 340
304 684
813 613
942 379
178 431
148 619
16 173
770 90
129 322
735 614
373 417
253 203
419 137
352 228
426 663
135 61
414 396
128 821
393 695
72 114
383 958
224 797
812 118
632 138
872 665
390 36
30 207
567 508
860 362
920 47
115 421
461 241
673 841
380 7
147 350
389 485
167 48
725 518
446 121
517 778
720 138
937 526
768 304
346 804
846 617
311 843
105 868
421 104
504 562
771 318
607 58
683 986
192 927
526 52
729 168
127 193
844 687
240 939
369 521
249 83
809 145
387 455
66 666
850 462
799 411
603 778
1 458
681 376
510 151
992 242
171 567
205 332
228 563
154 954
101 267
290 202
663 527
993 905
225 487
216 970
361 231
817 308
637 427
358 660
531 514
953 340
58 176
16 740
807 294
242 4
777 791
85 458
161 42
18 501
502 749
165 499
377 629
393 248
584 709
660 794
798 744
90 261
83 948
249 412
431 118
297 118
984 216
822 891
974 678
478 337
335 488
923 228
487 29
14 727
992 961
60 17
641 964
438 914
666 433
975 169
650 794
131 806
154 77
758 811
13 310
179 562
520 598
421 977
707 724
580 622
529 792
651 269
524 21
561 399
796 722
999 501
118 596
510 258
314 105
881 827
346 390
770 292
129 84
756 77
168 750
742 40
675 225
306 836
237 560
396 966
751 330
285 474
310 823
739 643
319 47
393 937
33 402
570 235
812 348
261 226
902 218
941 512
411 541
798 923
67 175
46 860
307 604
548 821
899 753
4 811
721 303
359 929
216 401
255 528
933 914
930 580
501 289
104 469
397 422
69 510
809 975
147 560
689 673
27 6
818 775
654 161
301 300
391 430
734 2
600 226
383 321
701 828
687 377
67 896
742 283
177 81
140 931
253 806
110 657
366 639
331 968
31 27
340 618
861 472
243 97
157 322
399 261
205 118
484 179
357 395
214 268
594 358
43 244
656 589
437 404
739 524
792 189
190 244
483 330
688 382
480 808
104 132
330 586
369 32
60 695
62 29
657 547
283 193
691 764
714 551
753 11
695 936
633 589
815 295
84 275
356 536
861 549
570 690
40 857
782 967
51 123
680 792
168 76
719 473
410 9
433 152
435 502
331 569
225 30
98 260
836 554
568 540
236 762
974 952
757 40
819 653
736 381
443 161
814 912
763 888
747 159
286 297
323 663
991 792
871 246
760 81
776 982
172 71
82 453
889 947
15 523
626 518
591 324
162 92
146 569
492 699
383 782
132 612
134 30
205 235
560 454
636 305
80 91
82 521
873 786
564 389
820 815
753 324
939 312
812 586
118 449
962 123
964 669
971 235
994 328
574 84
761 691
521 40
83 923
99 52
853 131
235 692
878 302
237 350
408 906
758 256
887 420
670 602
866 225
444 79
672 426
838 379
515 804
554 834
296 110
217 492
164 173
519 869
980 79
892 787
936 45
461 622
433 21
488 547
810 812
116 43
12 350
434 520
519 297
187 192
284 894
858 663
99 809
371 12
703 557
281 308
396 547
440 659
811 900
315 725
271 774
453 687
923 899
676 585
56 850
254 597
42 365
685 645
104 62
436 101
272 910
627 394
394 433
532 255
864 711
543 537
126 921
241 37
688 612
711 312
252 675
289 431
42 161
646 429
482 43
532 563
735 84
313 771
961 191
804 723
829 96
852 199
197 502
531 490
734 39
199 680
623 848
757 206
683 743
386 71
351 637
291 222
814 238
210 786
980 210
413 687
641 628
832 985
228 754
871 88
721 567
426 733
227 878
799 156
591 30
750 949
570 295
805 668
715 786
37 866
955 227
918 981
388 672
867 943
798 367
710 523
399 288
989 448
996 428
64 831
138 26
751 186
698 50
290 433
20 26
1000 182
375 854
384 805
829 909
725 588
778 477
815 718
111 313
104 169
782 428
860 736
913 476
735 261
276 704
449 28
333 898
764 362
886 189
840 965
865 630
279 54
69 398
606 191
878 960
537 980
539 98
313 904
269 973
866 907
776 511
211 66
474 784
787 737
374 525
88 422
35 225
789 456
427 635
159 64
862 641
244 88
392 865
306 519
864 101
737 233
663 705
474 340
310 246
845 835
651 22
764 629
432 832
254 947
720 499
480 604
579 312
7 195
16 670
897 315
60 995
422 766
138 129
855 12
507 482
532 81
262 806
781 782
66 447
375 171
68 721
114 403
591 679
688 462
981 839
273 648
40 685
789 576
856 527
708 528
904 133
777 409
339 616
998 969
673 344
599 478
200 918
809 776
899 906
804 565
308 676
877 314
118 934
856 75
487 215
164 138
37 132
754 662
473 573
701 125
726 528
516 310
41 850
832 99
267 272
783 760
608 730
407 724
656 192
582 66
658 626
642 111
974 808
900 971
921 220
944 331
637 562
266 939
803 128
275 987
58 457
104 519
604 428
560 778
599 747
124 713
73 669
788 266
811 923
465 91
875 528
137 265
358 633
508 78
381 312
570 49
480 983
747 875
858 244
468 531
394 410
553 915
825 86
1000 428
873 930
857 293
716 472
919 533
492 143
517 42
441 575
351 68
49 862
752 283
127 493
574 36
978 853
994 312
182 845
735 115
661 892
36 770
435 311
536 714
421 328
995 815
407 933
504 786
965 651
529 391
144 163
169 368
780 272
690 146
404 524
496 741
325 14
348 929
357 957
908 3
202 682
421 908
262 384
852 352
605 120
681 536
10 328
870 68
374 791
729 772
556 307
480 294
44 95
858 519
233 18
694 161
641 43
966 954
950 95
180 559
168 643
78 138
276 233
578 569
822 180
349 894
243 487
86 883
877 668
425 499
427 301
602 213
503 94
178 749
950 667
590 434
777 247
703 113
959 219
735 288
864 695
373 751
156 11
778 634
709 790
264 252
838 698
342 917
697 650
282 960
139 841
450 522
865 617
369 602
892 594
966 169
334 519
387 404
154 425
1000 979
359 464
587 181
776 452
174 31
801 887
287 260
808 53
563 813
782 585
789 435
489 233
415 241
235 509
92 386
228 578
50 906
435 892
276 312
465 385
547 44
699 249
510 482
685 966
81 194
669 449
858 394
694 60
436 804
998 486
712 203
198 810
968 853
495 360
834 802
543 734
449 320
195 356
949 19
333 718
877 785
381 706
990 560
238 181
939 242
5 124
752 581
934 427
701 404
973 399
302 577
583 848
325 608
843 124
610 833
114 560
813 860
635 510
88 26
643 195
101 653
304 481
490 7
563 694
395 24
72 891
879 592
715 979
510 173
519 739
671 932
590 780
121 748
345 544
384 996
561 228
570 26
916 2
775 313
911 265
90 135
189 561
25 528
726 280
302 784
237 197
163 702
555 224
518 500
426 20
158 487
640 354
986 236
511 523
935 149
167 367
213 413
900 195
494 430
653 565
946 513
97 557
459 898
78 856
339 728
198 365
668 69
961 245
230 594
908 980
624 905
179 176
970 365
866 74
204 549
352 716
575 566
905 542
875 280
568 704
681 103
40 121
370 928
974 668
593 787
948 523
127 12
473 685
844 612
828 97
300 970
814 180
390 588
339 20
641 514
606 954
735 722
244 159
562 4
880 943
338 55
317 710
658 642
310 433
704 332
720 690
812 226
745 257
242 829
392 636
138 64
673 989
470 789
825 778
608 246
864 864
820 523
285 384
589 242
919 961
884 402
372 686
393 999
983 478
697 177
699 527
720 254
259 906
95 654
521 332
761 855
221 853
94 477
209 537
564 165
195 602
730 205
640 765
866 413
995 227
554 46
743 726
563 276
844 347
994 424
431 189
311 411
493 532
848 557
334 552
40 484
796 555
819 378
720 993
457 157
791 224
701 866
590 682
793 964
650 583
779 297
27 524
380 610
569 877
126 74
110 591
96 41
54 918
958 744
266 174
909 648
824 652
141 798
404 48
65 760
708 6
385 389
996 281
445 525
318 357
689 375
11 335
855 70
299 72
121 902
285 21
693 136
52 256
481 842
206 521
365 88
517 875
503 206
360 872
964 620
565 127
627 682
765 520
415 777
735 176
424 340
320 261
142 194
38 435
333 877
109 774
628 778
259 51
499 982
743 587
588 884
572 337
314 577
459 680
830 905
740 527
853 360
784 801
145 345
645 540
871 372
66 765
774 799
520 970
135 979
582 120
335 184
282 308
796 702
254 40
791 373
962 825
814 974
182 180
290 237
43 495
158 972
806 840
863 926
826 237
441 73
542 225
159 563
295 51
523 276
959 24
11 504
698 274
43 939
977 809
172 589
947 625
195 756
142 781
859 269
393 281
471 560
238 805
955 911
5 396
669 949
715 219
740 382
613 712
484 572
855 543
364 26
539 326
795 240
133 505
984 183
151 5
545 602
400 247
411 489
72 527
473 592
143 982
611 854
980 129
943 895
876 306
260 673
562 97
728 841
707 693
935 925
628 337
349 368
10 446
471 221
185 940
519 371
874 64
747 466
512 707
182 3
334 254
392 577
689 477
48 35
447 421
138 429
470 782
34 10
440 333
721 844
647 92
963 155
472 734
354 670
637 193
570 138
842 919
56 780
381 387
897 475
355 905
198 561
968 592
366 267
668 305
924 171
412 119
195 609
907 780
928 29
930 615
56 328
655 459
344 67
985 77
127 344
99 251
597 88
890 210
874 703
636 946
175 54
212 442
251 404
408 847
117 451
359 394
412 571
767 281
566 988
98 400
377 223
658 846
128 717
623 906
628 608
697 780
183 873
349 1
109 752
499 684
960 170
10 737
547 474
549 136
853 514
927 271
468 480
184 919
495 894
684 647
850 155
822 285
681 947
718 162
409 784
928 800
102 903
485 5
828 533
7 144
337 22
30 51
837 705
286 89
76 437
594 329
299 111
119 358
455 241
916 261
208 946
464 332
53 310
844 231
687 555
982 125
161 733
43 657
541 178
502 982
527 67
412 458
91 653
700 533
739 233
407 193
619 591
628 823
369 525
763 477
629 316
518 831
832 210
357 729
11 599
156 532
253 536
269 787
110 899
232 781
619 139
68 403
965 939
144 67
58 376
417 344
43 386
707 939
451 105
642 770
77 159
24 469
764 959
342 269
932 591
510 599
759 628
724 745
964 312
272 882
546 72
894 520
424 936
693 56
414 571
769 728
935 207
460 173
243 519
481 954
8 310
416 75
826 522
683 143
542 326
856 713
574 119
242 452
369 894
131 366
601 36
986 630
677 199
829 12
649 894
61 98
778 858
174 835
504 961
757 858
169 449
579 650
574 435
558 788
636 728
325 95
823 496
274 911
719 259
103 94
737 992
248 19
693 789
234 42
1 347
628 382
448 580
28 832
803 90
14 791
625 772
867 835
390 454
104 577
157 457
180 926
309 318
71 947
475 42
101 188
419 419
426 397
216 857
949 895
271 871
474 401
462 758
584 440
379 276
42 332
138 970
237 112
899 757
389 219
66 120
730 19
596 696
423 940
17 309
326 313
471 928
19 291
826 657
630 491
132 2
618 863
503 499
353 494
904 970
429 593
378 907
913 140
606 275
615 547
396 237
714 880
435 369
753 734
352 657
84 72
467 64
810 574
773 586
667 219
118 891
835 897
141 272
58 734
754 851
496 559
83 1
376 501
69 62
749 972
823 325
975 62
654 737
534 11
98 561
617 711
172 456
465 338
559 684
174 394
15 898
732 176
868 592
907 20
201 441
662 286
51 967
489 374
159 496
551 562
627 184
348 431
101 33
592 688
223 594
924 535
781 954
91 228
458 673
898 642
243 417
333 287
817 594
125 925
932 869
937 533
593 427
835 370
392 109
484 755
251 216
749 185
327 103
479 440
668 161
502 971
781 638
880 263
891 921
490 530
570 702
554 219
921 756
722 917
53 661
383 178
814 472
482 833
544 204
800 294
532 869
170 994
66 691
675 515
857 676
737 846
679 679
760 409
995 530
31 820
451 560
896 707
453 226
1 481
183 921
40 409
476 133
939 971
358 161
395 169
609 229
791 335
44 336
710 805
309 596
92 68
516 742
883 371
2 892
387 938
64 557
410 457
177 450
31 392
845 868
24 506
381 324
556 104
833 789
579 281
973 17
11 434
313 190
938 331
403 60
557 483
195 318
725 754
264 997
252 292
660 771
263 894
473 162
761 695
406 574
32 111
468 867
57 524
477 747
179 97
151 223
598 300
326 35
169 484
870 684
134 922
572 318
210 667
339 69
265 810
583 350
987 881
309 869
295 790
461 618
170 873
207 122
366 729
135 894
211 492
197 193
128 968
515 228
718 413
370 567
715 925
572 866
157 484
323 772
719 866
297 917
530 913
324 265
859 916
349 970
190 342
923 903
72 369
955 534
132 491
150 884
464 11
588 460
436 97
475 653
99 745
765 292
311 900
186 571
705 729
652 960
126 925
986 162
790 850
481 554
877 76
824 40
298 307
655 413
625 12
201 516
869 905
544 22
892 510
606 308
832 273
705 5
728 162
66 985
412 717
841 453
767 323
965 876
451 746
287 368
732 617
773 597
524 861
729 425
738 169
957 649
830 745
853 584
874 313
477 292
281 73
961 767
380 529
804 147
110 766
954 352
59 76
866 692
723 37
188 936
391 5
875 814
63 925
379 600
750 953
148 253
21 105
171 308
542 965
971 781
733 934
627 223
327 574
848 367
149 390
6 17
820 973
640 123
384 825
24 208
289 252
441 809
835 153
51 422
512 212
740 26
228 374
235 594
514 965
274 10
221 923
631 208
463 578
193 122
769 965
695 835
919 463
294 984
660 537
353 350
959 700
249 157
235 926
198 38
749 280
311 477
260 909
207 284
64 6
945 387
356 933
988 406
644 698
900 588
28 647
503 935
969 103
842 255
330 427
106 50
385 7
546 602
908 341
525 331
555 648
239 355
43 444
619 257
656 277
693 522
257 510
10 158
409 683
379 469
305 458
418 171
722 157
724 691
180 657
876 918
560 479
445 563
636 298
246 513
156 313
38 829
635 851
402 40
833 372
964 678
74 624
256 749
277 957
994 673
528 789
161 672
809 780
170 318
908 576
216 144
626 359
442 734
278 328
61 56
958 318
460 555
326 452
921 612
143 903
406 95
83 318
136 687
528 721
636 658
505 400
106 997
966 7
606 46
936 54
862 436
560 706
767 121
84 835
704 208
499 460
102 91
448 542
547 314
395 57
824 917
261 720
957 915
775 858
194 661
16 833
71 997
431 849
366 894
488 136
603 273
552 561
437 209
536 342
167 968
349 997
462 700
727 240
464 32
39 99
422 361
431 661
652 989
373 614
898 905
868 239
213 446
713 926
402 159
757 689
26 723
616 239
134 750
844 455
293 71
558 685
23 290
189 22
959 534
507 959
2 507
592 263
403 616
117 308
101 927
961 214
179 145
718 849
370 963
667 21
26 151
616 683
761 99
466 449
221 169
996 881
318 861
689 863
500 96
654 559
34 396
269 755
292 852
760 148
227 889
301 162
529 967
607 666
222 700
757 297
245 581
381 5
58 88
106 300
362 690
242 860
87 68
94 864
149 353
299 60
963 85
656 635
379 251
109 302
593 97
556 883
960 876
565 971
436 17
39 404
544 730
138 935
982 44
659 251
34 756
364 787
899 552
41 304
705 841
668 379
15 204
790 706
368 421
511 861
958 404
672 237
799 912
86 307
621 70
623 520
312 748
79 558
448 508
602 277
696 449
770 984
66 585
654 382
253 585
684 773
672 681
619 216
123 905
801 779
939 901
923 280
58 683
67 571
106 223
348 48
267 58
103 318
380 641
659 780
366 980
202 605
850 97
375 670
211 745
656 298
859 725
15 985
370 314
3 661
319 375
674 322
487 957
134 72
987 38
39 197
613 160
885 651
774 11
781 997
428 595
642 697
294 364
47 556
356 189
213 276
146 431
351 506
155 647
872 147
669 1
180 242
74 605
385 930
643 523
477 673
848 827
27 254
375 262
114 556
762 896
84 372
965 557
303 970
577 61
231 340
752 5
648 320
982 615
553 69
110 953
73 168
61 471
672 548
801 896
128 514
951 434
439 94
900 988
757 463
997 592
625 853
185 576
367 296
90 591
641 373
346 501
606 655
793 50
486 313
970 634
186 461
15 674
128 78
845 207
524 484
358 598
916 14
722 301
526 709
90 131
164 910
551 786
219 301
733 683
973 252
32 264
705 535
412 195
677 601
181 778
972 11
167 363
471 977
916 578
860 999
971 82
657 839
415 595
606 354
147 741
557 978
670 755
486 556
675 807
398 982
204 545
460 699
197 312
951 579
273 344
335 430
637 890
840 708
344 787
932 188
323 639
286 625
221 68
666 499
922 25
758 789
585 225
322 969
790 16
488 604
469 903
642 27
453 258
951 7
257 63
146 785
842 498
533 867
383 982
367 445
978 242
872 625
67 273
180 592
272 619
129 150
392 608
929 335
675 191
569 672
767 525
682 641
324 678
15 311
552 961
884 414
24 154
997 153
787 311
593 4
833 565
81 296
872 461
240 407
293 659
687 583
136 210
265 434
892 135
69 892
124 249
855 781
214 127
186 916
961 282
119 54
601 819
269 507
714 754
75 436
536 898
442 913
248 864
939 476
298 492
526 140
985 174
235 968
184 634
131 21
502 358
783 517
587 140
829 199
338 354
746 615
26 7
496 617
685 281
872 800
270 993
415 24
733 13
680 167
318 813
124 516
788 725
202 550
96 45
903 132
278 755
375 693
1 30
153 331
485 38
840 11
581 796
30 18
157 260
950 451
500 596
673 878
103 729
622 443
825 923
20 243
350 670
308 182
753 393
54 470
688 316
372 829
393 144
930 345
812 661
208 913
535 919
627 686
406 617
152 632
184 329
43 766
818 568
375 317
947 932
322 427
331 187
633 527
725 103
84 337
810 295
95 307
351 837
840 830
434 19
849 944
23 39
636 612
106 939
2 254
295 935
297 426
417 829
426 933
121 159
158 628
822 527
538 254
741 981
462 142
379 892
508 600
895 348
879 571
418 816
953 701
680 274
862 574
996 628
387 996
138 290
103 398
253 125
82 391
626 584
241 558
538 690
280 94
63 893
245 890
289 912
42 696
526 750
985 520
159 575
452 459
544 537
726 497
34 823
237 220
419 787
555 251
1000 90
359 841
68 522
603 151
476 858
782 208
30 597
201 597
346 662
203 3
406 740
71 8
246 22
834 274
112 86
536 664
250 204
912 455
822 862
144 849
877 481
605 582
5 588
796 841
49 724
653 976
443 956
761 169
265 864
876 302
260 685
230 503
804 34
73 56
864 285
68 357
158 739
949 668
822 666
704 357
676 971
976 613
441 286
867 864
858 585
242 786
758 714
101 221
615 343
654 945
569 651
253 498
963 159
195 41
603 420
716 637
24 191
349 816
750 292
623 30
863 527
609 612
976 161
939 55
171 65
272 972
256 449
920 872
712 458
221 844
350 880
428 854
195 613
329 699
769 950
368 415
356 432
584 915
400 410
259 337
964 838
201 706
127 324
611 11
60 259
189 97
991 316
834 489
253 671
640 850
142 472
407 780
469 563
1 629
476 273
757 128
33 836
867 593
210 980
173 224
664 721
922 137
64 689
894 197
470 733
126 83
36 319
202 515
901 893
305 411
215 248
572 703
849 358
7 140
159 465
989 514
862 784
152 417
34 925
426 211
119 354
218 81
347 383
220 999
612 289
616 51
579 201
708 995
583 646
514 907
364 952
532 448
553 695
209 685
105 876
730 377
970 424
695 901
709 973
799 847
361 855
17 387
773 860
614 890
985 222
611 180
978 625
406 398
210 519
353 132
23 2
853 351
936 389
168 47
27 884
984 401
322 776
843 502
352 459
889 20
942 14
303 592
988 344
257 888
990 506
923 431
819 750
803 213
549 313
805 911
420 355
849 535
180 791
604 287
219 827
576 376
456 166
239 165
977 260
172 34
29 679
564 812
935 647
522 376
794 709
146 532
383 811
58 184
669 360
300 269
655 949
747 700
731 211
307 731
973 50
422 312
608 501
901 422
557 452
668 599
29 235
566 306
204 87
497 475
151 568
545 117
213 495
144 682
803 941
296 501
298 175
14 99
90 269
369 882
994 359
406 729
599 412
892 394
454 181
239 950
827 698
956 798
995 992
460 621
891 819
340 43
810 439
921 546
925 902
639 262
715 382
39 824
443 915
761 140
814 134
265 843
710 55
175 456
966 77
913 855
666 441
80 966
126 137
435 676
864 370
594 935
940 703
965 28
144 306
128 983
928 910
12 377
549 430
895 300
344 665
201 304
383 536
171 664
120 192
858 626
90 536
768 662
332 621
975 757
712 19
767 631
555 591
543 422
603 347
142 581
483 457
727 186
416 286
630 803
376 742
627 367
996 24
265 120
825 144
735 509
195 648
695 815
995 209
868 161
338 852
229 617
319 747
506 494
854 116
951 810
937 360
833 143
856 344
247 853
51 246
611 494
973 747
890 187
445 434
288 371
71 152
680 661
537 812
2 417
689 729
728 129
691 55
781 137
737 693
790 441
59 417
22 791
114 780
956 913
610 189
303 810
176 722
279 386
46 123
362 52
590 628
666 12
816 401
871 117
543 215
806 911
577 921
432 232
840 245
56 580
722 9
2 553
883 38
629 598
385 343
73 964
993 683
479 992
502 515
285 39
933 715
384 792
467 857
111 346
526 997
618 522
837 812
159 816
678 736
989 993
648 851
265 485
982 106
87 434
311 894
834 85
359 594
38 109
575 350
762 819
455 332
540 22
425 905
14 373
166 400
528 581
636 574
32 916
364 281
809 188
255 193
594 589
278 24
875 60
658 986
220 239
810 673
118 714
653 213
72 782
549 260
879 525
685 324
888 432
775 710
814 920
581 115
452 57
823 218
629 871
64 545
908 372
470 589
73 309
571 18
864 24
292 529
901 909
684 275
827 396
310 213
176 137
662 425
941 670
768 124
452 509
590 191
422 285
869 76
324 582
942 774
446 497
928 336
363 597
42 34
694 570
293 499
369 853
648 222
528 884
138 736
878 310
553 711
735 235
809 877
260 147
117 640
299 959
156 988
435 143
114 626
905 467
47 26
891 790
490 645
605 540
540 233
602 606
611 772
701 922
157 956
325 102
309 865
364 396
11 731
267 309
509 378
165 606
774 708
135 890
232 641
430 850
914 743
241 853
974 783
667 933
63 532
743 118
443 306
798 488
606 581
680 455
348 333
525 737
675 204
751 313
202 774
850 922
797 673
54 138
665 343
974 459
354 720
229 176
637 19
342 369
125 895
646 89
261 245
941 531
360 176
242 140
332 14
152 348
189 627
869 497
191 197
855 162
802 298
479 222
133 92
543 513
381 793
26 562
985 31
201 520
715 130
330 876
943 402
182 800
553 332
18 961
735 92
27 53
246 187
834 447
433 510
931 587
827 554
59 388
594 755
102 437
72 616
895 120
164 88
678 470
420 418
611 945
761 124
634 498
413 679
793 825
297 586
961 755
177 44
659 928
456 485
287 944
935 580
222 671
794 260
704 394
483 669
870 27
383 1000
759 817
300 460
980 670
270 652
971 769
399 296
590 981
523 44
484 128
161 227
841 577
200 343
698 58
493 334
774 127
746 334
195 476
545 310
711 609
132 346
247 385
648 952
136 236
468 705
735 269
848 175
223 57
96 964
463 590
834 78
329 622
806 232
75 126
227 395
912 539
192 929
985 228
724 327
429 989
876 10
952 586
424 227
11 517
691 167
331 532
580 661
912 231
983 681
224 190
867 644
210 897
413 572
839 730
92 125
55 107
779 375
615 115
124 590
417 426
237 745
253 174
419 356
43 432
98 957
31 403
206 911
907 408
893 111
586 553
789 916
171 421
851 583
104 832
323 254
906 35
530 759
200 450
66 439
963 959
566 328
329 863
114 395
794 847
342 155
471 637
699 710
632 675
526 917
344 299
865 863
943 372
69 679
553 746
832 447
605 567
19 544
990 83
921 616
411 346
782 895
434 985
46 186
892 768
311 338
758 249
207 109
779 548
615 800
638 387
714 115
571 454
610 416
391 171
607 541
19 988
974 816
282 374
932 492
789 357
383 578
791 443
962 891
249 618
323 815
784 299
516 882
101 366
479 545
449 630
195 118
234 400
197 556
167 964
524 395
416 488
773 484
950 260
122 563
302 823
69 1000
214 3
158 458
587 756
347 543
660 767
402 155
238 999
42 178
706 77
731 546
574 44
528 900
765 863
415 560
87 695
288 333
438 755
500 424
246 92
986 527
979 442
84 30
981 264
47 394
697 961
628 979
856 222
141 194
201 943
828 28
724 93
67 946
339 57
874 462
620 222
671 694
55 141
735 575
41 967
64 352
357 933
382 72
6 994
940 868
709 33
79 345
409 837
953 384
533 132
842 533
662 360
450 410
989 499
516 997
521 725
475 117
78 146
959 271
237 979
424 880
389 446
739 766
342 481
273 558
879 186
602 221
731 499
143 97
521 145
761 884
99 381
468 686
341 152
569 125
401 275
274 35
493 941
223 196
520 294
317 496
84 493
914 98
900 17
321 870
602 273
143 549
187 605
648 473
830 801
175 244
629 361
350 394
546 911
502 321
654 322
970 63
559 451
598 559
467 27
128 651
515 41
153 232
192 258
999 9
178 365
853 964
747 193
16 239
129 384
295 535
64 763
470 539
417 397
382 503
774 451
6 857
776 776
29 536
504 353
582 428
250 845
340 975
287 832
474 377
77 300
766 168
471 20
828 987
261 310
927 769
551 917
890 803
869 50
484 16
431 619
772 597
848 499
617 186
329 930
458 518
77 880
497 116
446 63
787 481
494 299
155 667
579 131
565 92
39 261
846 687
265 344
85 71
991 39
795 856
557 857
562 581
705 986
820 445
610 857
739 39
506 206
485 991
967 463
734 494
476 490
259 20
245 163
501 73
139 762
49 632
395 596
909 466
383 21
671 616
913 928
885 100
396 457
495 909
22 119
504 48
706 795
418 851
611 650
558 391
120 111
210 17
491 760
2 773
242 702
168 549
703 543
214 568
880 744
917 93
633 416
797 759
926 389
859 930
372 547
944 228
932 909
630 914
556 17
955 484
669 302
964 382
627 476
904 449
560 419
87 366
380 212
290 716
419 816
938 224
850 532
336 146
66 39
105 603
345 228
368 259
995 382
748 606
734 537
296 463
625 126
353 403
443 529
152 802
62 357
890 362
800 94
680 740
643 504
117 347
562 760
230 586
1000 629
433 436
804 653
677 153
36 791
188 442
430 491
236 462
365 750
554 999
95 389
549 32
791 103
261 936
171 806
978 682
814 188
966 395
2 84
645 750
795 273
562 60
594 877
663 286
797 776
232 566
107 758
220 15
900 835
561 461
409 872
102 47
637 698
379 662
727 568
805 714
132 840
941 506
950 72
742 238
659 550
396 896
493 388
133 819
744 478
105 132
47 642
967 557
492 595
328 564
388 790
595 726
627 297
574 864
332 123
703 68
544 691
855 777
901 97
691 693
91 533
181 667
972 186
907 801
916 977
222 440
291 609
523 878
758 56
984 485
149 613
444 167
317 943
951 720
455 993
476 240
644 744
614 554
542 678
528 464
339 169
927 488
235 264
823 139
184 954
793 972
525 317
546 556
421 772
172 398
988 1000
755 783
729 956
570 504
383 839
441 196
148 86
902 459
955 334
752 918
590 110
629 524
154 722
578 673
924 597
389 462
670 81
656 911
566 134
142 654
474 166
536 85
958 812
522 40
863 721
351 397
427 437
178 629
346 783
611 281
189 339
470 356
601 188
195 975
820 474
294 769
905 380
356 730
250 69
160 293
469 293
787 896
169 441
946 291
305 681
736 755
468 210
71 471
92 710
539 1
705 313
435 568
880 769
684 913
22 104
596 69
135 971
559 435
979 183
158 632
116 482
139 157
766 380
487 325
549 474
533 965
427 678
210 42
581 73
46 316
710 871
281 365
283 779
767 995
917 56
926 430
271 767
755 920
637 68
893 58
141 907
95 552
759 593
526 754
157 149
113 889
25 515
281 681
11 496
403 122
424 907
80 29
117 770
850 561
527 381
910 367
142 789
345 143
255 948
241 110
220 857
612 75
868 221
333 598
748 635
213 384
363 543
734 546
570 579
455 71
169 874
268 618
985 456
459 913
242 483
39 661
142 337
866 191
481 411
981 350
340 74
123 586
838 441
349 132
494 983
780 322
909 34
830 572
157 866
362 160
606 967
537 764
115 1000
500 54
871 481
675 330
73 60
509 288
149 895
686 78
414 269
70 403
236 943
612 870
349 328
139 22
766 491
953 590
383 569
58 426
902 369
171 761
812 247
874 72
309 283
897 23
76 570
219 149
332 908
318 715
341 682
486 397
721 836
573 827
405 921
246 889
105 175
693 310
271 832
384 876
241 351
702 572
755 229
462 725
907 376
893 335
879 140
593 19
494 234
941 601
321 368
489 554
627 332
648 967
32 380
569 75
811 386
744 959
624 597
783 104
179 364
769 906
38 17
469 251
734 681
411 62
909 275
450 728
911 837
881 164
648 3
703 487
680 884
364 133
645 442
350 432
832 351
1000 901
433 260
804 285
151 406
538 272
796 984
727 868
932 8
865 251
166 704
740 813
874 379
927 503
325 417
309 556
269 602
963 432
301 201
598 929
453 414
289 882
676 890
441 175
157 315
920 59
154 767
108 862
87 47
186 716
760 681
216 647
481 805
423 190
912 921
711 555
252 460
570 793
644 480
42 414
501 603
618 621
754 157
355 58
968 707
18 54
518 747
901 241
924 54
947 847
105 848
820 455
472 109
958 333
356 551
711 111
930 754
810 332
743 606
508 909
53 754
678 207
406 386
853 347
454 510
516 141
205 828
306 129
608 513
679 832
465 608
211 4
709 269
301 506
340 352
568 963
845 765
718 629
831 830
667 777
372 49
335 175
148 386
763 785
348 217
689 51
447 263
410 564
571 51
223 876
495 11
96 145
686 352
564 808
68 95
77 151
741 368
674 427
930 1
162 119
683 315
519 81
814 631
648 673
756 642
168 939
793 440
302 998
327 369
820 790
582 925
919 706
522 952
905 48
372 937
319 866
273 846
476 883
192 698
743 783
489 796
934 20
627 546
78 878
138 643
657 881
825 459
493 717
477 712
848 996
539 373
728 314
933 85
202 161
619 944
326 6
607 147
370 910
630 208
780 351
49 675
247 512
83 508
182 496
878 781
809 266
131 786
154 81
675 337
140 988
315 78
686 51
488 522
326 962
974 878
439 225
944 269
729 765
750 977
404 255
67 351
512 752
694 232
94 951
428 299
271 879
128 23
591 438
702 513
190 373
176 291
711 717
780 551
697 135
270 348
219 372
401 364
592 121
27 470
541 80
617 474
66 112
195 652
587 702
218 311
764 270
388 412
579 931
353 486
136 348
544 73
931 616
783 459
398 623
135 520
658 867
552 226
605 498
26 201
780 466
687 269
286 430
897 731
537 364
809 503
629 30
11 885
140 855
573 487
707 589
465 330
603 620
324 27
951 174
333 211
229 386
547 101
201 417
708 48
837 724
505 795
664 182
689 293
530 867
548 488
200 374
493 303
656 953
181 114
458 681
294 307
264 866
725 629
356 200
377 991
981 731
801 77
547 673
155 712
798 882
178 683
858 57
927 682
203 196
129 761
60 587
904 289
742 671
394 719
643 732
661 651
804 937
723 731
504 547
467 409
965 634
506 113
605 643
296 239
805 82
420 176
256 945
627 824
355 477
212 50
839 887
115 681
387 470
525 164
670 919
255 205
112 341
580 756
605 327
861 253
845 728
831 773
26 92
944 759
743 249
637 598
729 539
185 757
699 383
71 845
920 495
258 746
576 273
629 867
546 633
343 461
382 269
811 519
465 455
889 959
384 43
93 727
561 173
231 617
955 405
745 41
413 65
860 494
219 414
996 254
544 983
318 454
80 87
781 807
271 69
458 604
928 340
160 206
86 76
713 822
146 497
632 706
118 477
74 671
839 420
680 563
274 476
493 744
147 662
27 188
98 107
61 85
688 801
213 778
238 695
900 350
540 229
178 98
969 373
201 963
164 209
404 672
978 765
726 587
311 179
650 875
795 334
598 736
681 756
644 520
296 662
153 51
137 918
432 86
508 417
441 488
496 845
872 964
814 811
339 393
436 565
733 809
2 715
189 971
885 414
779 1
673 518
50 767
534 277
746 199
769 388
642 906
898 544
204 287
817 432
266 438
342 373
531 638
918 662
542 2
159 726
113 812
103 949
864 723
848 40
133 88
322 131
105 529
458 451
916 512
526 195
194 376
782 105
450 750
772 214
541 399
654 214
306 64
799 588
17 140
314 681
701 811
687 360
376 482
733 506
371 297
193 877
968 309
59 68
956 462
119 844
68 158
451 302
884 24
280 902
335 928
162 438
441 373
224 867
519 406
150 607
615 446
698 454
926 78
216 721
739 543
190 197
981 710
176 435
379 156
215 882
381 614
773 330
494 191
655 170
113 89
583 692
380 401
170 435
43 835
564 103
195 540
910 399
880 276
456 796
753 26
591 922
868 317
144 937
416 846
400 451
697 691
365 485
501 165
134 824
946 370
305 634
178 200
51 106
692 882
496 491
994 102
761 337
904 834
830 960
505 19
689 557
156 550
50 97
13 107
984 479
917 565
188 247
356 941
838 89
1 412
600 158
932 101
148 468
918 48
187 38
962 992
581 154
512 959
270 931
272 344
936 783
742 487
548 164
290 148
278 701
836 255
105 115
628 121
24 487
893 107
12 632
125 193
487 990
501 946
300 323
581 734
837 612
627 48
76 282
613 205
25 620
599 942
454 667
403 43
336 6
255 965
935 57
665 557
481 904
333 743
497 21
358 826
713 793
365 22
95 957
616 108
247 22
526 921
256 741
800 994
297 40
744 863
908 632
423 681
174 785
965 522
65 294
321 732
141 73
731 873
865 287
300 558
482 969
636 682
800 430
553 170
883 687
447 958
474 619
515 243
755 534
183 1
974 820
921 168
819 521
969 148
510 244
888 36
798 497
399 590
92 204
78 11
253 63
509 917
682 761
216 875
347 87
665 382
635 696
162 192
570 197
312 301
321 417
233 749
180 492
860 414
55 956
302 827
48 694
892 47
431 669
57 200
661 460
592 947
472 849
513 717
511 720
981 976
750 151
259 290
939 324
563 496
969 905
196 798
87 691
680 707
364 84
221 765
209 833
396 223
714 814
253 716
753 780
700 269
45 576
623 835
771 458
351 524
909 104
88 332
535 18
420 395
934 517
97 2
528 324
129 271
55 137
899 319
832 970
64 356
562 223
315 405
723 16
121 486
598 848
386 440
667 553
651 364
409 841
561 494
660 406
662 364
171 707
157 364
196 150
567 417
436 677
55 333
516 993
348 505
115 30
228 775
530 793
864 775
940 164
513 926
181 56
368 529
829 892
24 253
725 955
997 166
273 546
946 779
602 217
51 597
346 923
881 294
475 565
904 363
445 853
394 565
968 658
735 276
961 511
873 539
564 140
566 598
536 997
481 658
423 531
317 12
515 593
455 386
386 647
499 818
28 240
856 497
835 736
602 285
731 947
678 158
97 979
523 911
339 778
710 271
468 110
424 12
922 791
728 90
857 890
135 951
430 145
453 16
474 769
771 183
116 382
524 805
685 374
136 845
943 578
175 564
180 834
489 213
989 128
306 532
126 109
783 986
269 608
96 192
278 662
903 225
158 936
54 73
93 749
868 565
462 290
738 853
941 336
745 87
263 356
360 499
362 545
369 379
945 742
401 576
440 410
156 302
963 966
474 185
665 592
481 867
741 197
912 995
584 640
748 743
990 572
985 348
473 112
346 750
613 876
403 714
562 577
970 490
38 458
630 131
736 658
46 163
376 289
399 945
311 325
25 356
644 562
372 107
409 999
12 132
819 556
791 402
261 739
745 384
779 507
500 838
654 777
767 896
237 629
43 452
633 420
813 216
979 656
873 117
564 738
711 802
877 566
492 724
722 293
985 621
768 5
560 423
800 662
87 362
811 118
797 55
156 161
308 484
591 859
612 106
77 737
942 863
930 523
199 146
644 301
810 53
296 435
757 676
632 791
639 640
35 878
934 82
867 13
99 151
498 664
429 538
286 957
576 905
477 782
387 58
578 219
783 440
255 489
437 892
296 15
960 54
395 965
549 44
404 637
918 499
685 412
749 533
629 79
295 757
705 407
253 875
396 376
202 699
234 104
552 397
614 255
462 120
854 846
49 181
803 28
558 278
46 746
159 329
124 333
744 450
444 912
465 231
472 645
640 141
241 376
755 194
167 80
190 307
289 194
471 318
916 409
268 888
489 523
678 695
881 313
934 269
523 422
401 298
274 56
366 306
668 360
652 933
963 700
179 333
442 921
421 136
815 344
377 324
801 314
951 872
273 897
95 182
819 138
985 182
127 353
201 743
904 908
362 434
184 514
984 489
857 797
140 213
382 768
596 190
301 358
430 122
123 996
303 744
213 618
199 587
628 591
895 467
35 215
148 542
918 14
97 114
171 919
337 419
249 815
309 525
883 424
560 965
177 395
96 37
663 687
543 149
746 35
68 203
287 875
241 681
439 956
884 181
457 709
272 734
371 824
318 273
161 74
698 403
744 333
262 840
617 193
834 723
582 769
68 655
458 751
384 710
778 442
997 310
748 764
303 389
660 954
30 726
307 879
83 980
350 194
562 602
820 422
442 812
98 154
213 187
123 309
531 282
921 698
79 678
939 577
247 620
729 149
72 688
397 149
53 723
175 352
108 197
809 254
408 513
207 179
525 234
601 380
13 470
753 521
843 395
700 112
573 254
22 108
776 576
995 596
45 837
852 427
488 766
607 451
116 494
625 672
376 194
466 188
987 482
770 388
332 533
295 483
832 757
758 631
599 561
864 198
917 68
474 501
483 609
727 194
983 180
416 422
141 903
775 200
194 871
475 882
242 91
871 752
177 972
34 847
952 310
223 257
156 350
8 477
100 163
372 904
467 672
891 168
750 221
697 471
455 67
194 299
627 515
39 657
888 769
530 224
288 283
454 136
237 280
915 358
576 942
193 146
322 566
571 869
995 773
709 543
47 472
425 688
418 539
201 921
164 235
74 105
726 625
212 255
302 121
272 188
309 931
454 340
991 631
64 318
585 204
788 951
760 358
414 369
287 13
310 422
386 462
810 982
462 29
563 562
12 276
819 604
510 297
37 679
46 719
604 77
768 841
881 976
567 123
491 652
920 180
422 526
650 357
871 929
128 502
294 423
983 457
252 53
185 116
95 665
134 335
851 683
941 597
973 324
461 432
906 271
553 562
373 569
119 37
322 201
368 407
167 499
958 458
801 285
787 222
381 987
835 554
692 161
74 344
535 693
657 207
87 798
643 268
675 959
396 132
827 616
75 975
790 348
22 202
743 357
127 896
609 129
46 414
770 42
537 333
936 862
666 107
576 485
410 429
841 967
20 684
59 910
850 143
896 363
79 496
102 947
955 313
155 877
798 145
964 185
286 69
346 240
950 508
113 731
629 563
650 488
200 405
366 102
744 338
246 968
428 637
564 485
15 431
612 297
61 573
100 5
379 70
812 682
134 442
76 109
761 723
726 19
394 750
661 684
188 373
776 105
423 766
333 892
481 741
303 36
160 286
674 664
506 144
930 782
681 172
771 302
448 25
752 247
844 735
113 419
277 554
83 375
355 506
763 489
212 81
32 951
818 81
984 409
767 438
931 690
239 745
407 665
642 466
72 849
805 951
572 902
992 130
687 439
489 136
182 165
71 818
438 83
737 291
96 149
977 380
91 490
229 40
266 34
674 423
893 17
570 116
879 482
81 97
629 696
890 888
34 808
163 660
133 52
405 703
6 322
762 545
981 769
476 847
259 755
773 117
425 159
881 6
865 665
316 855
62 343
249 428
122 162
982 260
18 937
274 319
131 346
645 220
818 640
481 370
725 223
451 838
605 633
365 544
5 607
856 17
88 187
634 394
376 374
249 1000
69 189
235 205
862 378
652 236
546 875
230 448
163 393
331 847
315 66
98 590
211 405
54 813
898 223
245 702
932 290
851 338
784 361
966 513
537 39
846 475
2 682
214 385
267 786
202 805
225 652
246 790
656 706
536 408
739 691
792 2
190 377
637 48
289 24
275 477
155 627
925 107
618 655
671 411
406 800
364 730
290 533
237 100
848 23
96 876
142 905
398 55
338 844
854 140
838 513
363 419
570 575
477 857
631 888
170 611
151 393
407 995
211 226
762 104
326 241
109 767
153 861
26 213
5 964
780 462
28 619
715 739
291 235
182 323
348 127
387 557
758 950
802 596
509 172
456 8
495 873
866 623
278 705
686 194
875 775
197 799
128 826
349 756
153 409
102 916
621 892
766 127
127 547
632 127
634 981
581 842
980 697
466 963
452 370
883 46
920 36
385 431
613 377
650 501
521 535
779 219
788 91
186 309
96 443
578 627
926 169
488 437
91 240
649 260
748 694
402 908
630 694
351 435
150 954
240 500
754 114
242 350
523 525
998 873
313 505
564 70
61 988
451 992
801 397
86 369
623 586
28 314
395 537
503 600
821 627
634 224
726 688
362 495
567 756
295 913
424 198
334 585
887 615
781 54
714 235
942 507
391 275
425 589
102 199
28 766
487 315
895 398
842 262
111 639
37 632
535 233
404 861
701 705
185 761
286 281
258 742
758 525
281 191
435 898
663 762
6 795
82 437
875 624
287 774
935 666
681 975
780 901
102 771
358 665
381 344
842 730
662 417
90 250
881 733
650 120
191 88
357 288
447 162
470 1
968 923
940 481
246 632
691 925
601 543
156 272
947 519
670 142
640 429
949 93
575 55
762 522
63 483
467 746
545 96
621 309
289 290
699 763
510 992
194 481
88 868
655 28
293 507
459 975
740 340
703 288
48 870
401 74
668 8
433 633
465 808
174 816
287 499
469 508
914 283
937 74
743 426
840 667
839 996
733 353
92 367
516 281
585 826
343 542
163 492
954 481
737 983
827 853
940 716
183 102
93 996
628 367
704 311
780 244
637 743
141 558
35 55
14 772
487 684
572 886
955 102
798 464
671 98
710 652
180 911
846 508
906 817
615 257
910 968
896 150
732 402
919 906
77 99
704 755
264 704
660 102
720 313
556 983
46 849
964 444
355 895
431 690
712 444
548 770
327 509
274 139
631 339
133 68
29 147
322 159
792 483
485 706
568 74
824 52
19 274
21 864
669 852
65 80
263 999
708 750
528 999
32 246
477 884
779 822
389 686
156 687
601 416
947 76
396 254
433 502
188 120
748 96
490 368
282 100
374 646
856 129
948 721
828 63
316 267
120 892
173 142
927 293
641 580
680 254
758 939
408 289
380 549
594 815
426 717
693 649
28 964
653 503
879 291
201 392
572 649
759 777
521 762
385 322
975 621
96 400
133 885
119 396
428 439
769 277
220 561
704 846
467 836
342 4
593 442
503 51
203 223
55 790
890 639
583 688
198 598
735 373
57 886
592 13
117 558
209 595
320 448
195 512
571 921
633 576
764 378
951 850
236 195
471 804
455 355
134 828
464 958
565 488
450 609
934 791
44 797
390 817
763 291
567 659
966 132
145 422
553 33
92 561
117 98
101 813
463 138
396 113
788 851
663 45
649 615
580 669
979 232
430 176
644 686
206 475
704 81
282 491
637 589
448 927
819 640
934 723
482 754
597 635
671 772
837 44
567 855
410 454
267 83
585 44
712 858
931 56
110 529
917 501
578 831
262 202
603 656
326 717
771 592
63 778
621 780
893 103
312 422
720 483
367 128
501 958
872 318
293 898
800 570
484 51
267 543
901 340
6 376
686 750
670 147
359 790
68 705
199 254
526 925
565 185
549 516
39 294
484 631
622 949
661 775
938 924
244 699
557 950
730 282
753 907
596 455
635 427
174 789
524 571
743 385
141 69
678 308
496 666
196 619
145 275
168 204
463 31
961 913
767 109
534 198
440 844
20 584
520 944
45 907
317 614
444 504
582 178
658 610
600 493
266 859
448 618
305 183
141 521
487 651
662 213
556 424
775 846
348 354
64 937
341 743
94 993
292 617
901 517
924 682
45 335
232 362
603 365
128 37
882 284
944 135
229 131
764 792
289 86
487 847
789 801
367 789
194 173
731 126
821 496
9 192
657 732
267 648
161 397
274 164
20 448
403 440
502 774
947 695
695 761
700 965
591 824
494 597
247 871
860 990
277 854
687 799
929 595
772 255
207 442
709 725
861 826
24 841
593 872
266 650
503 861
487 120
932 219
58 552
754 829
844 959
849 867
858 979
258 425
975 84
101 583
520 571
651 352
997 750
266 206
727 469
893 973
824 812
510 359
992 482
367 474
171 711
671 242
985 799
512 665
309 349
560 181
975 648
59 763
707 183
873 195
806 569
988 692
882 147
935 415
439 716
47 687
863 585
81 257
464 407
694 765
950 619
69 837
87 412
968 662
809 662
991 186
207 715
728 482
414 711
22 692
942 517
778 618
363 342
787 792
381 897
374 74
503 402
459 712
636 520
878 565
4 500
984 456
456 673
255 51
737 784
559 459
642 261
681 313
757 78
690 57
563 829
14 967
240 566
196 321
288 924
385 54
846 319
131 566
885 347
408 337
297 706
728 666
237 764
850 85
633 291
82 491
428 3
506 862
983 192
492 861
312 395
517 764
872 707
51 870
927 777
323 13
16 675
860 316
219 428
191 2
161 107
211 817
151 737
891 316
699 693
95 836
556 730
962 1
881 87
807 939
913 348
696 28
41 425
260 205
29 408
783 307
571 777
933 226
536 628
649 827
248 530
529 285
863 246
411 329
58 910
519 783
406 76
300 583
210 709
491 180
537 596
666 368
996 991
170 899
73 84
866 779
905 861
430 800
988 282
951 390
241 955
771 804
884 859
810 834
478 748
549 487
851 131
279 634
853 849
233 184
16 850
348 159
258 691
498 268
387 973
530 955
128 90
898 626
845 195
245 803
418 303
879 36
298 809
632 351
604 797
694 923
293 530
445 951
392 317
228 57
682 834
539 759
313 285
428 698
8 508
494 446
42 199
743 845
807 732
648 187
251 308
839 79
991 400
947 22
804 693
398 930
723 575
98 48
144 168
607 209
58 533
171 798
81 668
362 143
961 513
165 561
799 182
430 943
107 750
384 259
497 654
591 48
478 859
487 539
457 604
120 258
203 717
422 553
929 347
984 794
894 317
682 629
133 827
119 454
172 855
428 489
589 226
898 713
294 454
916 421
402 863
669 187
579 37
270 286
90 26
76 25
385 708
920 847
726 167
673 41
235 632
952 96
147 958
209 521
511 684
882 816
725 486
584 954
252 536
964 941
434 144
293 219
443 674
62 408
657 168
348 765
518 927
244 958
66 630
947 227
931 550
343 826
836 745
642 318
499 665
176 660
49 410
969 89
344 618
519 629
390 683
710 992
90 745
839 516
590 698
103 265
968 366
894 236
714 382
239 313
405 151
850 110
465 404
543 145
836 173
430 570
949 586
822 456
128 228
241 685
257 384
997 894
432 170
367 74
849 191
618 500
450 258
641 171
825 935
419 658
424 776
6 438
543 725
216 618
15 396
843 519
218 56
241 233
280 411
483 180
817 660
886 618
833 414
960 1000
464 295
946 663
194 80
985 331
48 949
431 402
536 537
596 393
86 447
144 978
400 364
236 104
870 747
625 280
519 810
187 709
724 420
62 519
622 575
207 191
101 664
75 537
776 580
40 351
651 417
999 401
148 429
918 153
888 498
542 533
853 956
590 769
516 684
242 659
728 522
253 113
163 889
197 602
665 392
167 822
725 888
637 92
381 286
927 921
399 208
756 749
115 287
242 87
341 865
638 713
802 469
592 993
534 900
901 399
631 384
225 988
797 46
359 893
338 952
605 918
455 63
169 850
21 785
902 634
282 531
434 374
307 252
143 354
791 662
459 905
703 378
853 73
493 682
43 615
728 285
818 675
105 930
112 66
709 539
340 82
900 284
49 704
835 993
321 635
162 929
143 806
535 480
175 497
221 115
832 920
728 857
984 707
608 703
940 662
98 593
905 941
158 751
951 54
845 527
206 251
651 346
266 820
49 140
824 886
141 628
842 451
976 593
828 658
300 27
581 934
671 36
784 328
971 854
85 716
138 93
103 567
638 952
470 798
440 349
202 836
721 956
873 9
324 695
732 340
370 53
815 783
764 869
252 49
953 18
111 254
270 259
535 781
904 345
48 543
214 108
811 506
320 447
414 653
626 439
522 714
958 462
8 76
319 560
273 920
706 494
118 234
653 693
579 900
397 503
383 210
420 808
113 298
855 672
749 349
680 892
80 716
322 649
986 672
456 619
571 754
827 620
594 689
338 371
926 880
446 894
31 916
453 66
623 922
139 511
969 444
791 239
687 302
466 94
323 763
823 190
809 468
131 736
244 31
712 745
343 341
624 469
534 38
684 375
813 21
29 550
324 102
319 301
983 794
777 926
25 929
392 508
484 66
945 720
993 716
6 459
707 106
29 106
181 95
100 1
393 103
967 949
111 387
208 930
639 845
692 508
360 893
180 8
678 827
588 189
293 279
459 115
99 472
198 412
401 190
811 375
246 392
283 190
587 460
956 671
568 399
605 736
17 127
734 284
247 903
305 644
840 783
586 287
496 297
97 826
763 493
156 612
610 491
850 442
98 311
220 198
28 733
289 603
895 431
254 61
171 539
775 799
120 65
853 935
768 535
823 51
719 962
779 425
945 897
34 352
864 63
440 567
774 364
98 891
723 372
232 313
287 743
845 825
612 516
524 466
102 802
542 250
927 932
459 416
959 23
523 283
673 234
103 861
712 336
532 27
698 271
705 569
527 352
15 60
414 555
241 121
852 687
319 874
144 678
469 89
215 581
217 97
881 58
574 103
422 240
251 270
161 634
430 441
365 540
259 179
192 126
637 836
14 683
736 635
316 407
106 815
567 942
514 342
823 448
272 85
585 219
610 382
866 724
257 193
538 114
561 435
284 941
263 188
249 552
159 383
385 214
295 367
560 196
929 401
177 660
825 736
594 479
479 611
488 206
859 961
919 939
370 14
600 995
531 675
609 619
773 290
775 340
925 103
703 54
816 666
929 989
87 461
507 201
682 255
223 157
887 170
204 254
264 59
47 784
838 517
621 395
130 604
805 469
330 951
973 671
443 636
226 100
761 489
523 848
636 959
696 380
527 937
767 276
970 246
594 714
61 263
979 380
831 920
351 578
547 465
418 647
295 604
64 674
486 201
269 557
361 113
1 32
241 667
8 836
499 31
932 721
992 428
558 367
233 984
876 886
971 806
936 675
385 419
108 883
864 965
935 417
778 492
393 74
86 969
455 252
402 904
609 992
630 650
494 354
159 804
627 708
590 504
544 272
569 195
952 53
311 882
66 223
820 500
456 831
188 366
8 220
981 39
875 492
377 291
236 34
960 366
247 930
395 541
503 596
473 993
120 618
763 448
212 58
507 654
961 997
202 451
98 272
589 890
900 535
667 804
282 458
374 636
586 188
487 311
344 575
611 579
634 672
837 13
106 25
694 398
567 180
733 172
569 976
396 596
827 408
370 372
750 755
676 754
203 557
422 265
599 75
952 260
424 957
631 474
336 217
617 376
873 774
234 712
345 349
310 749
935 218
467 750
342 178
132 148
743 994
53 438
173 849
249 411
212 265
929 743
290 827
592 359
991 97
705 920
670 590
105 1000
536 686
633 750
688 985
709 577
725 198
529 475
568 383
312 573
321 689
201 971
339 85
800 449
309 885
295 774
666 438
170 857
50 179
407 517
665 231
63 536
600 460
162 315
201 263
611 716
249 531
233 118
286 136
106 396
860 53
129 83
719 882
78 110
585 378
661 53
239 25
668 791
68 983
324 377
898 568
423 119
794 633
190 326
780 564
485 266
411 516
971 460
664 404
316 671
560 357
122 602
85 342
207 807
449 107
536 893
605 801
916 520
425 19
722 811
134 709
835 600
618 872
565 367
201 564
226 65
943 422
325 923
348 556
244 621
511 49
594 743
75 829
61 226
250 301
363 6
183 819
349 39
667 206
563 913
88 303
625 632
406 129
452 839
816 482
541 971
456 17
707 600
965 144
474 733
326 586
702 861
116 138
651 129
637 376
953 425
985 888
694 144
309 446
203 663
756 457
99 966
931 463
788 76
57 446
864 826
403 166
873 188
68 858
142 705
255 856
591 558
596 900
651 845
600 915
983 400
342 24
750 389
17 617
877 877
697 255
215 778
833 463
81 354
261 110
851 770
51 438
256 610
316 530
392 98
122 993
636 107
380 425
772 269
811 289
308 301
294 968
903 954
619 617
86 366
363 311
273 67
863 98
169 114
351 798
374 85
450 637
74 433
187 626
814 461
205 874
645 477
283 308
66 700
670 928
788 863
382 834
165 824
405 265
748 471
79 87
5 848
266 976
305 62
766 311
602 828
842 239
23 940
941 233
7 363
671 768
323 686
325 324
756 152
906 659
85 1000
447 753
214 708
984 995
470 562
456 156
239 371
276 495
993 875
426 572
488 781
513 140
983 225
487 982
471 461
932 545
789 920
155 820
634 833
821 375
113 642
696 767
952 361
200 462
509 604
647 364
315 783
933 591
679 95
665 565
423 797
542 380
971 242
904 185
498 512
484 627
18 91
562 540
246 477
924 91
942 691
778 944
725 33
499 608
192 8
669 570
563 43
487 195
83 462
514 364
131 964
461 629
885 77
371 459
666 339
728 904
767 105
36 79
850 359
836 918
453 354
771 773
653 345
766 418
215 424
14 813
344 687
736 241
185 621
572 879
71 981
115 157
380 847
200 189
186 496
993 992
29 838
972 666
384 979
600 813
289 106
471 326
879 69
155 897
618 689
263 570
74 851
551 807
678 607
191 212
638 519
267 652
34 881
401 402
440 200
557 611
691 529
428 665
375 8
384 543
792 396
665 898
460 266
423 918
61 793
243 682
584 558
750 159
937 258
247 867
164 405
551 363
60 326
957 176
740 288
890 149
874 894
505 241
32 239
936 341
682 377
848 897
170 661
500 444
924 302
818 873
931 602
308 571
662 824
519 993
316 380
62 840
399 871
666 38
984 701
968 258
901 818
762 510
836 793
15 932
453 471
831 518
727 465
448 761
374 891
824 816
56 666
572 738
927 128
885 534
871 999
509 802
350 766
668 647
977 16
449 735
603 506
68 871
642 562
54 310
220 554
792 91
294 481
702 482
884 449
51 605
911 195
164 836
385 805
761 768
48 985
290 634
57 861
901 74
652 832
209 618
216 314
868 258
815 261
672 253
799 896
540 60
662 523
240 110
800 256
424 244
691 86
781 232
984 460
89 744
571 572
511 129
227 598
681 317
93 33
990 305
24 984
960 228
796 538
819 683
268 227
434 759
519 602
941 132
872 779
581 173
747 189
325 367
438 134
666 173
975 421
96 216
721 683
421 813
813 91
617 874
707 1000
474 333
898 507
354 935
150 711
745 95
629 757
265 136
548 589
200 467
557 393
647 267
753 422
308 153
552 791
218 27
310 571
928 294
674 790
803 998
312 971
208 876
282 751
178 524
180 194
717 805
166 53
496 183
277 936
136 104
221 539
373 832
947 913
195 916
216 133
677 280
933 238
626 368
852 786
658 183
951 990
937 116
139 758
503 739
715 443
904 730
528 742
191 902
749 664
415 274
438 977
295 888
652 319
585 868
396 509
633 112
45 930
942 80
965 81
785 491
538 37
153 65
651 462
33 939
556 449
44 237
745 392
196 48
106 434
680 509
719 900
244 292
594 46
119 585
806 667
944 144
12 704
967 684
893 211
773 499
501 810
217 739
731 105
74 828
807 148
316 721
613 69
48 643
85 412
124 118
184 67
147 57
592 960
848 90
721 236
324 999
626 35
151 630
575 110
333 623
243 721
137 220
584 563
402 168
847 814
298 361
192 764
28 18
434 281
715 232
934 74
136 403
763 228
196 803
696 171
161 544
532 529
631 933
117 303
601 114
691 496
827 752
536 707
446 914
545 523
476 369
439 383
19 668
900 755
102 415
835 990
849 890
187 383
46 54
466 458
747 103
897 652
438 812
124 897
585 145
214 775
336 625
82 141
135 149
889 875
589 602
935 946
93 779
206 218
28 922
404 185
171 734
489 439
452 205
293 847
475 100
869 156
523 18
276 226
465 223
444 936
142 527
538 620
137 397
891 410
102 615
893 360
261 20
104 71
55 804
265 418
48 574
320 414
412 422
640 705
658 477
252 532
616 367
49 978
35 643
459 803
994 436
300 741
339 889
883 884
2 379
758 52
689 531
931 554
149 617
649 593
93 220
296 866
637 927
983 759
805 815
888 363
597 589
987 609
629 220
408 378
387 619
779 349
202 598
375 645
552 736
310 16
884 189
395 306
42 549
918 578
208 325
466 901
655 533
242 988
115 406
703 825
445 537
534 525
82 580
797 469
218 4
243 619
333 725
651 688
623 212
660 834
720 93
540 744
178 617
985 335
754 180
869 709
445 221
265 303
982 428
530 357
468 802
255 331
437 922
972 289
151 156
725 119
190 738
875 438
674 695
967 478
515 745
577 32
923 92
535 363
973 986
740 571
46 140
438 970
253 969
245 278
266 909
715 986
441 417
775 892
888 502
512 604
452 103
129 12
758 591
742 64
908 306
557 85
133 605
903 105
287 708
935 344
12 733
363 975
713 440
918 729
775 192
411 629
90 188
74 793
346 34
76 383
475 842
989 716
756 745
742 908
696 852
380 197
564 331
910 379
656 886
234 782
930 508
683 220
132 110
28 15
526 826
911 964
678 977
763 219
212 323
48 804
288 275
297 75
52 731
204 558
903 858
672 504
70 963
490 719
681 126
455 639
476 366
630 11
840 729
602 536
72 547
344 776
879 792
330 231
918 492
187 338
23 200
710 2
966 408
913 812
101 521
373 308
103 111
509 308
6 532
903 286
723 98
444 577
248 66
582 219
568 885
628 429
257 34
538 85
757 335
854 827
764 701
563 570
12 268
828 686
314 36
851 375
210 149
194 526
413 848
876 738
521 655
327 639
698 113
594 446
564 666
52 438
324 691
271 852
241 331
725 905
930 207
531 704
937 761
720 263
111 250
388 807
411 718
837 908
113 994
76 242
996 35
484 799
578 415
1000 309
414 753
522 758
921 856
886 880
669 790
895 994
717 554
316 133
415 723
359 438
396 188
343 813
142 424
255 97
753 751
610 80
889 415
746 624
965 786
884 742
577 266
233 381
182 294
809 472
334 413
541 945
728 680
638 367
984 594
866 522
84 563
861 261
220 435
3 591
958 737
704 448
600 529
231 525
937 938
185 845
388 598
581 791
51 820
233 953
362 735
258 946
470 169
401 630
555 277
336 77
781 971
29 102
54 475
531 845
365 95
683 6
155 673
7 576
906 442
265 306
583 886
235 524
96 922
721 489
13 997
972 318
342 514
773 844
987 981
507 687
313 986
334 684
11 635
908 203
654 483
255 234
308 859
684 930
45 856
123 876
326 835
183 974
462 131
49 494
125 347
35 175
441 388
701 766
7 429
281 156
880 734
36 466
693 592
31 345
822 124
349 934
252 151
826 226
42 693
376 619
604 851
567 345
876 968
530 561
341 840
786 583
670 237
449 511
640 384
679 97
702 194
319 662
471 571
26 658
796 434
282 568
139 913
627 558
385 965
597 202
657 877
913 251
108 393
491 275
145 145
772 74
105 969
700 692
981 333
965 712
568 286
342 665
400 240
416 539
628 918
577 464
923 204
706 756
508 788
948 553
23 167
888 682
443 931
173 374
853 756
710 39
823 476
219 728
311 232
205 933
650 818
260 698
615 926
585 223
857 610
253 953
511 481
993 98
956 338
580 582
227 822
552 447
741 597
614 301
637 644
125 464
185 939
132 870
976 618
491 667
516 824
777 760
99 890
140 532
555 447
684 89
45 401
559 875
301 551
732 333
974 310
190 353
342 428
328 746
916 491
939 58
261 218
427 238
413 399
897 450
807 67
590 369
994 582
318 20
18 336
532 170
20 390
119 88
624 550
181 693
612 207
229 665
342 872
259 356
667 355
164 431
436 404
256 818
627 955
890 203
491 396
140 263
527 949
398 635
753 706
633 788
444 141
787 649
554 900
741 774
706 587
282 67
254 415
261 823
106 158
876 430
168 501
719 96
996 827
304 245
737 129
292 926
234 141
785 523
621 884
125 101
224 794
376 965
516 931
205 30
410 786
285 55
912 938
494 358
169 919
630 654
902 825
835 358
574 961
445 147
325 685
952 57
311 846
924 39
691 724
714 607
739 224
942 583
47 161
605 663
296 219
448 54
729 171
88 93
565 469
948 451
895 882
457 296
58 829
293 178
316 117
724 362
800 330
196 963
726 712
987 968
235 111
175 178
952 629
518 836
945 476
11 606
140 186
253 543
218 962
827 976
995 518
211 119
430 215
54 707
384 507
845 716
884 790
948 775
111 647
662 125
37 608
828 365
978 446
173 96
505 624
175 758
138 280
673 645
11 26
440 544
594 129
188 722
628 160
372 486
547 922
824 629
215 120
570 89
699 823
404 409
632 274
298 868
263 422
876 997
309 100
189 526
461 361
73 865
721 189
617 380
91 837
75 376
972 970
511 628
700 877
995 315
907 625
902 948
941 850
321 73
104 359
97 738
39 707
846 753
761 587
60 466
191 516
514 779
553 311
313 654
910 253
956 779
633 754
84 190
490 757
326 23
524 726
796 787
563 8
586 363
487 224
736 596
240 803
726 583
876 208
288 681
680 123
41 935
297 461
705 472
193 748
89 947
202 370
98 675
15 816
414 295
70 325
1 322
810 772
483 768
997 646
409 933
600 464
266 870
676 941
72 169
969 189
291 393
275 524
496 889
337 187
210 203
874 98
180 919
327 945
825 719
419 442
223 736
559 854
963 185
730 724
345 626
280 195
169 717
604 963
39 48
890 752
103 937
470 404
156 227
433 802
294 81
77 607
423 951
916 532
517 103
921 870
833 178
692 243
985 111
881 142
339 678
961 135
320 9
36 861
204 667
746 550
988 495
40 39
425 723
245 498
266 681
736 495
738 181
814 6
634 258
120 900
154 213
970 659
954 380
760 195
813 455
465 345
709 246
965 156
806 912
349 743
153 388
72 84
570 319
58 11
284 985
180 538
159 267
256 58
168 854
906 940
802 13
87 117
200 327
223 597
707 152
119 388
543 294
423 228
33 42
12 829
570 883
902 850
263 652
450 949
731 300
270 216
717 849
777 4
99 390
703 130
892 217
200 771
592 5
661 634
811 293
924 220
230 895
195 520
382 650
882 882
98 197
61 975
868 289
229 745
674 614
808 460
381 958
208 540
722 922
819 204
35 605
58 806
496 487
957 102
429 973
452 626
878 984
516 187
115 728
408 760
705 358
140 151
322 814
931 740
179 843
790 313
278 13
776 407
580 645
361 713
490 495
605 374
808 8
921 303
503 947
754 975
7 359
309 587
182 203
680 337
422 858
168 389
576 258
689 229
728 637
825 549
926 357
361 5
384 92
116 793
160 755
418 183
992 272
955 388
362 520
823 645
203 516
475 827
198 889
569 379
163 710
668 633
308 120
61 640
981 863
123 75
808 763
623 270
155 372
542 352
602 23
655 3
434 389
503 156
694 559
969 776
761 686
943 260
122 880
583 797
929 734
899 994
297 20
977 682
933 143
559 197
762 947
100 574
84 155
621 140
365 590
247 558
701 901
67 825
943 184
339 956
514 360
408 579
410 145
908 176
126 359
440 852
336 997
278 920
135 769
451 436
490 82
605 203
990 415
40 285
741 539
870 241
176 973
28 870
824 937
7 472
339 504
90 574
346 420
719 869
484 362
546 509
841 815
237 590
200 161
147 410
149 232
246 804
105 228
988 825
725 826
462 656
928 532
674 8
877 527
56 847
312 313
955 529
835 39
830 366
906 326
394 434
548 791
96 702
562 843
359 899
820 183
910 305
52 89
947 703
151 919
354 257
462 844
356 503
907 961
86 200
471 902
860 982
717 635
316 820
952 820
348 581
2 455
779 773
615 513
174 936
250 274
123 512
838 499
896 918
967 277
400 37
476 336
455 577
409 281
148 690
81 753
888 767
740 864
120 873
67 930
858 987
560 609
343 646
970 892
534 85
202 706
495 827
956 319
866 701
520 547
444 523
658 721
628 487
63 916
999 328
127 541
918 982
888 187
286 28
525 609
343 202
661 161
440 283
774 128
66 301
665 727
319 946
780 640
584 257
711 620
252 119
21 548
976 91
694 757
844 162
78 606
173 910
825 251
834 123
345 94
114 677
407 130
393 496
70 824
914 82
570 656
95 159
630 256
298 447
210 582
890 36
528 623
786 299
221 326
168 110
848 752
518 882
244 921
631 799
331 539
829 248
905 728
545 673
144 6
236 660
199 544
948 841
81 622
353 769
978 500
867 667
309 630
733 126
996 656
244 93
230 216
970 739
440 618
737 212
419 379
993 834
421 809
98 934
361 40
206 896
600 715
185 139
275 265
849 156
81 42
397 806
551 901
648 764
521 626
48 268
124 511
87 229
200 471
668 534
868 125
252 266
381 746
40 682
455 167
955 807
501 485
542 261
604 710
74 585
678 837
420 605
890 503
339 615
874 912
786 218
94 287
518 685
631 44
479 451
880 400
329 494
981 254
47 124
123 746
109 979
863 254
169 390
579 719
321 707
819 124
676 467
814 321
376 301
874 596
645 617
283 696
89 633
850 380
98 761
248 214
340 686
838 229
951 414
944 328
653 304
12 184
261 727
745 396
263 9
943 731
883 282
422 938
498 260
767 948
493 511
158 3
167 979
817 410
485 252
17 814
803 731
708 196
973 232
904 497
78 500
650 221
892 24
198 649
209 404
38 177
356 476
485 688
130 907
900 187
886 964
344 427
291 740
957 167
454 227
661 895
848 922
463 851
382 897
700 382
838 404
951 687
607 217
747 91
408 499
318 858
500 25
214 795
534 78
239 444
135 145
430 951
875 844
469 915
453 510
612 777
497 646
577 986
58 81
833 989
360 281
837 297
196 167
742 158
855 469
237 990
917 242
301 621
391 751
949 129
107 802
423 222
891 414
102 539
711 651
547 762
109 309
261 16
669 179
708 847
602 214
535 814
415 892
288 1
659 242
235 624
221 957
735 295
539 600
389 781
781 571
354 241
338 778
635 96
722 976
134 866
992 738
763 373
32 851
876 44
583 38
364 216
221 353
518 919
562 287
140 201
269 939
753 648
213 638
222 996
729 464
434 716
97 398
242 532
371 200
239 321
811 704
352 171
188 513
29 515
68 63
15 976
822 448
637 479
358 288
261 449
397 769
694 57
452 444
180 695
987 33
265 151
673 882
767 674
320 673
677 811
472 540
123 133
824 224
856 561
503 214
768 487
950 531
293 308
369 150
846 672
274 419
147 851
557 868
691 270
610 834
174 747
199 876
97 863
574 475
23 51
597 922
136 653
800 372
196 517
69 273
680 970
477 108
424 136
80 794
11 664
66 709
359 72
857 758
433 206
163 293
624 167
737 920
98 722
303 513
107 384
988 271
515 169
577 608
254 64
418 860
609 55
166 906
867 747
286 351
180 966
489 81
182 156
115 171
650 738
85 847
546 435
894 387
380 797
253 9
315 682
197 578
822 95
439 517
206 816
280 178
690 965
902 54
542 217
856 832
194 891
233 775
604 818
588 399
309 90
807 239
281 697
945 610
802 493
170 131
744 36
797 38
691 991
612 123
386 602
411 949
821 834
911 960
164 603
39 645
196 820
491 496
878 764
493 674
566 809
640 939
933 122
435 217
368 212
22 843
792 790
672 508
70 967
607 228
540 291
335 417
840 733
72 551
14 654
842 55
740 938
874 484
16 30
154 132
707 685
317 713
942 196
340 542
607 696
10 342
907 172
148 312
224 942
759 886
353 526
962 660
46 731
51 943
768 837
987 331
627 224
438 385
348 263
295 264
996 491
765 178
431 824
186 329
119 501
216 780
497 805
439 670
958 954
190 256
750 312
939 27
159 668
740 69
869 295
599 130
290 588
938 96
285 967
437 572
972 135
799 950
891 49
393 446
623 494
199 22
238 584
192 864
83 758
839 215
87 786
922 801
779 872
654 152
36 919
762 147
338 363
70 178
515 963
79 896
351 687
282 418
602 875
934 666
701 869
81 548
980 300
873 290
603 601
54 915
79 452
372 370
393 723
909 651
750 523
842 638
21 443
132 712
632 166
480 659
708 27
16 597
920 11
569 292
440 496
926 240
195 390
693 139
243 402
377 900
764 240
485 497
547 586
476 968
960 901
743 906
420 519
60 638
597 321
228 292
281 915
198 404
463 528
269 375
677 330
36 582
753 988
649 233
19 481
386 804
572 342
438 995
403 860
938 555
908 199
396 51
698 671
465 592
248 160
619 115
197 41
628 707
644 616
538 247
245 317
275 928
849 635
187 124
166 879
415 132
309 641
908 267
103 401
486 283
149 153
979 742
121 722
513 206
287 751
628 135
280 87
570 120
953 368
556 59
646 957
104 906
565 771
752 790
219 459
498 190
122 754
954 765
848 392
336 188
536 213
372 953
748 512
937 471
169 893
773 121
960 528
496 16
830 245
777 463
735 56
576 607
80 622
43 626
463 869
412 677
368 169
723 529
575 528
785 86
183 667
939 717
932 146
53 855
865 337
519 946
420 78
376 386
749 575
258 16
267 322
59 228
495 1000
188 960
979 55
762 429
582 240
568 862
326 562
349 371
42 992
542 941
210 170
567 106
129 176
756 417
48 32
525 562
638 901
954 972
276 48
232 172
197 722
497 824
702 561
176 467
711 701
533 505
259 940
494 223
886 685
132 422
775 332
143 38
860 596
76 203
242 223
892 101
184 28
864 654
647 551
924 168
269 477
338 832
190 929
725 308
928 26
109 175
386 714
616 285
139 782
231 412
268 746
35 753
420 829
203 391
978 771
498 761
784 584
394 908
878 620
463 238
1000 922
239 855
442 567
467 88
128 714
515 998
370 821
351 586
374 761
395 804
879 916
291 151
261 819
514 165
689 137
652 27
571 173
292 922
811 762
901 884
850 156
465 442
564 978
29 601
504 288
619 345
591 215
741 710
409 787
637 277
381 215
254 863
662 294
978 139
964 74
270 639
309 411
203 680
357 431
592 664
403 203
539 931
479 988
119 357
677 785
769 334
204 421
829 950
229 886
56 148
510 865
441 862
833 428
81 327
934 354
590 448
904 209
302 520
212 654
380 452
94 366
389 952
834 161
716 189
866 270
711 122
658 2
257 699
19 452
503 556
752 248
731 969
814 496
191 851
288 530
537 909
809 144
500 325
546 965
13 384
714 31
571 634
444 284
206 258
729 619
58 381
844 876
865 123
224 109
67 745
249 654
512 618
286 261
415 163
680 304
521 972
214 763
559 969
29 686
725 854
524 295
637 426
33 260
252 136
824 633
720 442
662 445
404 421
722 360
851 628
337 910
574 564
920 955
777 790
302 987
11 474
341 959
952 268
1000 120
428 513
905 11
264 925
303 356
699 759
632 722
194 501
268 588
655 96
895 687
994 364
242 457
673 257
138 668
786 32
57 548
389 557
382 592
204 540
596 494
377 432
340 44
967 385
861 926
808 278
773 728
166 563
44 623
724 505
69 204
260 707
373 326
11 719
306 257
790 87
774 680
167 593
999 500
28 837
390 451
980 551
436 517
332 630
417 208
721 866
195 71
310 820
439 592
377 837
160 941
506 547
471 355
381 481
918 678
247 280
466 673
565 947
369 426
892 66
87 288
772 642
322 147
22 720
956 598
363 434
400 440
109 202
42 133
28 80
678 62
844 274
627 930
791 757
39 624
978 796
959 547
355 295
431 250
108 21
184 445
645 336
631 875
343 867
575 608
444 230
317 848
211 213
84 77
598 451
896 885
785 230
552 247
326 134
455 550
386 43
614 629
676 152
583 443
823 328
76 979
525 510
894 167
223 925
278 822
119 860
875 790
234 146
626 656
806 916
870 15
448 732
12 501
231 707
957 853
558 344
16 527
452 259
733 910
422 623
295 247
793 329
103 666
327 550
682 563
594 359
405 516
693 337
513 971
933 706
423 224
402 925
337 752
542 505
627 755
761 805
929 837
899 637
592 249
541 208
691 767
375 382
947 873
543 870
89 17
75 98
972 236
866 363
942 556
467 396
1 800
660 561
826 793
5 644
632 1000
999 922
909 366
715 35
844 645
420 141
496 283
210 553
191 830
170 999
908 825
1000 810
841 362
110 993
788 871
940 618
942 488
84 976
303 694
273 391
734 142
974 953
840 445
715 623
275 874
83 137
159 36
987 431
332 728
629 158
20 781
82 450
564 834
195 225
63 830
506 889
893 123
937 961
517 709
275 294
441 18
404 386
501 898
279 962
966 888
648 667
357 319
431 536
380 112
643 896
454 651
170 210
686 762
359 778
603 168
158 435
271 112
190 96
891 213
33 187
342 175
789 612
812 587
796 320
118 454
217 55
756 792
498 568
853 130
726 112
378 226
198 313
403 759
781 502
36 691
368 99
905 426
227 296
340 9
238 680
222 237
134 935
782 851
969 328
120 738
62 709
583 349
309 792
491 141
92 664
615 844
871 422
124 809
343 521
580 628
31 188
912 70
310 493
771 781
137 873
819 537
840 296
519 296
337 338
671 125
489 47
950 172
55 456
422 981
615 272
779 20
525 744
915 564
239 12
29 862
428 333
695 265
718 90
77 114
974 448
651 943
930 122
824 489
215 996
132 488
860 622
740 148
484 938
454 518
274 152
661 476
795 582
668 456
887 244
322 140
843 882
384 535
522 773
423 910
47 866
416 952
787 155
146 113
455 505
5 314
579 989
51 148
844 495
749 422
878 698
94 101
486 755
827 533
598 420
252 864
296 986
870 548
653 2
404 544
166 643
597 741
16 88
219 611
274 800
461 738
500 120
110 763
149 965
465 368
504 490
287 971
183 234
614 138
667 569
997 786
699 136
662 380
270 645
48 405
786 671
163 932
223 636
495 507
375 849
986 502
882 135
206 757
600 896
379 131
985 295
927 716
85 206
325 735
94 404
403 337
834 119
299 736
566 550
792 543
264 152
47 247
981 117
711 172
757 542
95 155
425 939
632 973
819 247
23 479
523 959
286 887
982 752
862 74
645 480
64 3
73 219
61 362
596 225
356 954
446 828
206 456
969 98
932 114
844 806
210 902
980 358
512 932
159 67
793 957
387 588
177 416
327 882
474 341
935 704
665 484
612 595
423 300
372 436
10 147
660 297
916 147
664 219
613 216
777 988
133 905
582 860
329 854
398 487
967 887
697 119
273 655
199 265
554 296
388 104
743 972
542 265
948 32
397 742
846 643
657 946
735 137
382 542
347 841
188 307
248 542
407 19
326 449
402 497
153 525
49 620
946 242
586 349
344 864
865 258
210 697
671 580
212 159
505 403
468 257
182 563
719 328
168 221
89 637
827 827
889 230
771 784
455 811
153 73
432 432
289 537
353 658
44 229
798 394
385 159
546 466
638 84
774 290
6 184
543 483
882 493
183 496
665 369
423 417
190 436
780 614
621 912
176 354
586 725
842 827
953 174
208 147
150 874
51 767
323 354
164 934
76 154
761 998
318 427
811 102
744 3
947 678
142 964
949 508
437 648
455 20
130 903
900 167
476 773
937 301
351 71
307 37
740 309
99 135
890 134
913 197
786 77
147 765
230 638
670 747
737 650
972 503
278 192
776 346
942 299
688 902
709 740
430 511
822 781
257 603
40 85
856 215
404 525
763 568
41 990
562 40
767 225
112 549
520 524
278 780
490 238
453 506
538 944
704 424
162 412
953 639
132 804
849 318
413 781
180 552
452 309
55 376
650 264
154 603
380 951
901 665
732 307
54 291
739 761
884 502
333 344
997 177
826 299
916 425
939 120
298 896
655 844
330 561
385 720
514 995
659 246
991 181
527 55
414 724
481 645
981 80
303 68
476 664
630 313
65 503
503 413
277 714
814 419
505 105
468 91
987 957
71 334
843 270
218 817
308 947
22 225
723 852
481 65
889 444
227 549
31 893
734 180
808 54
273 445
667 877
983 655
395 878
275 820
383 319
662 928
687 471
837 70
793 928
659 779
396 739
73 378
96 53
594 204
444 759
236 881
310 232
400 629
842 657
916 248
55 717
129 843
242 980
650 447
864 903
172 958
601 724
926 211
216 630
949 18
843 563
437 302
794 865
356 178
160 141
556 747
26 874
798 696
263 823
360 836
344 329
113 60
611 269
756 802
521 21
339 590
235 737
200 892
477 676
670 513
29 391
857 62
105 801
596 413
160 329
144 974
238 758
900 413
79 694
245 218
754 624
44 702
597 934
46 148
249 8
514 442
770 848
862 474
260 530
283 723
753 569
405 364
151 344
905 812
211 53
391 329
656 230
748 372
785 262
400 804
681 693
176 827
780 63
254 68
58 307
132 990
828 275
427 650
567 246
680 266
371 89
283 799
267 178
110 502
278 534
449 912
746 134
896 209
690 961
358 595
916 3
759 573
388 932
464 66
962 449
856 836
321 463
413 23
113 877
445 934
410 987
698 310
682 851
954 668
539 742
527 329
412 192
105 594
695 647
790 917
806 304
967 775
803 894
455 51
259 732
796 493
74 709
881 211
256 666
415 598
92 993
184 492
772 21
848 947
527 781
472 423
36 744
550 102
114 932
575 561
725 132
47 488
144 185
951 582
960 59
925 883
766 579
508 823
418 555
754 743
775 549
300 971
687 169
466 479
927 382
286 626
516 455
36 172
20 553
435 665
336 910
771 928
222 706
900 836
409 871
224 930
957 774
44 117
332 952
101 245
779 123
419 632
20 109
811 810
472 698
935 453
665 737
635 543
467 897
727 103
533 282
42 263
925 64
30 380
694 775
129 605
574 889
920 832
318 59
712 482
802 380
214 120
638 608
401 317
901 120
105 735
624 633
716 41
181 658
575 486
958 506
817 938
683 833
26 580
201 762
148 983
369 956
443 661
904 897
279 11
161 936
615 616
230 718
670 891
343 805
804 265
52 566
679 763
776 298
199 598
40 485
538 364
365 874
328 288
291 180
609 145
558 218
173 200
620 887
452 897
987 540
309 568
182 318
666 123
560 970
802 907
585 105
124 521
509 65
301 821
598 949
324 106
769 227
137 585
432 187
879 361
646 826
224 829
134 110
155 893
745 141
618 389
30 47
346 192
521 572
894 697
470 161
237 874
788 14
721 37
668 548
479 829
686 677
262 861
963 992
693 151
91 813
635 936
86 992
584 378
12 963
621 661
416 220
351 388
835 331
194 65
602 66
551 63
97 650
385 832
726 35
800 929
952 220
652 805
880 334
933 220
522 613
248 744
354 125
709 933
213 182
501 107
819 10
60 190
574 288
122 483
325 206
913 962
71 478
235 64
516 377
311 367
295 938
87 931
348 865
922 944
244 818
156 632
329 20
993 493
852 416
619 119
838 151
236 573
644 596
997 574
706 829
999 96
28 721
72 833
399 527
272 402
871 827
447 307
103 397
357 177
124 668
825 615
465 16
492 766
259 807
309 65
590 242
742 921
191 109
548 674
643 986
110 23
246 599
686 816
695 674
368 737
61 706
407 442
372 901
854 1
70 528
139 905
618 972
639 762
950 903
994 271
687 848
726 958
85 46
69 617
32 150
161 630
491 267
576 595
350 66
193 133
624 879
610 206
972 425
723 533
709 554
455 658
143 977
643 82
516 492
537 763
984 756
202 657
511 489
774 651
248 47
504 409
414 266
63 545
738 513
388 752
104 701
664 831
2 698
295 355
885 591
906 964
343 119
112 987
850 873
797 366
497 828
370 2
372 596
593 26
298 950
650 178
48 608
468 617
431 359
327 470
592 109
80 145
668 306
557 673
262 583
375 458
857 383
527 505
359 961
626 388
511 666
368 412
75 406
815 434
577 249
388 392
155 399
28 183
30 989
860 916
240 53
971 33
973 659
353 266
777 376
620 328
862 149
661 982
924 360
433 259
813 608
559 12
529 41
107 69
921 391
743 368
12 80
268 42
842 131
81 563
583 408
69 18
258 355
546 526
283 988
50 961
654 765
714 296
239 279
340 906
236 811
681 946
718 163
868 628
600 574
819 988
556 217
362 736
399 357
475 899
523 113
484 83
765 62
161 144
380 28
366 91
424 830
149 447
29 921
211 874
54 500
642 752
241 211
702 416
995 438
160 839
358 862
56 152
692 493
290 952
751 691
772 468
901 136
647 916
209 680
543 839
963 579
36 559
365 438
524 603
669 670
994 25
959 757
620 451
87 926
198 105
491 241
696 403
477 62
297 328
447 858
11 598
527 518
767 397
253 535
774 817
979 149
709 260
488 664
896 687
1 461
280 644
547 326
141 425
828 357
62 949
46 286
505 632
415 175
793 123
728 544
177 494
659 862
751 460
456 163
366 938
239 152
901 997
827 404
571 58
723 359
68 80
513 229
54 7
257 295
868 767
116 836
372 494
928 700
937 802
360 61
747 699
525 856
530 706
364 620
96 710
647 325
6 343
320 714
919 709
995 291
734 604
273 853
646 278
284 115
240 159
39 763
521 72
687 703
212 285
661 812
832 482
389 553
820 323
737 571
882 516
442 649
100 729
199 791
257 564
386 976
870 584
911 586
821 712
994 172
265 838
784 946
726 607
272 102
643 121
560 649
463 448
412 770
767 54
555 910
6 570
723 180
121 266
250 622
287 39
992 2
300 65
67 342
385 197
719 838
920 334
917 175
223 744
686 484
121 838
972 689
280 203
372 625
289 3
56 882
402 802
150 784
53 75
74 890
392 227
998 711
468 598
184 5
686 928
82 860
126 953
933 925
181 856
725 283
598 27
455 478
902 539
812 925
155 418
284 198
708 734
602 377
969 602
934 136
60 381
696 365
878 597
147 567
645 348
795 99
209 914
834 391
502 313
412 721
714 881
511 37
792 943
356 982
236 380
681 409
614 617
162 542
53 963
675 469
714 309
889 809
873 364
414 410
716 782
974 242
958 727
335 956
854 900
690 669
229 409
201 440
962 573
55 674
332 997
613 372
355 604
742 856
154 657
214 257
327 546
440 318
149 410
472 591
753 450
575 153
61 515
264 891
100 127
137 499
102 549
328 610
65 881
959 796
392 110
138 638
977 565
652 799
744 968
866 359
151 837
762 820
981 22
965 625
259 508
464 942
729 86
217 362
53 660
844 641
265 956
106 594
454 408
576 862
562 289
728 9
857 683
248 366
810 674
831 796
794 47
780 78
268 186
185 748
171 961
173 115
839 706
283 844
186 113
449 961
105 103
859 794
896 256
769 54
552 674
183 348
923 781
402 584
134 19
745 32
987 111
807 312
869 79
673 828
327 663
13 644
656 829
949 72
935 37
852 645
483 250
462 969
912 818
621 320
432 684
416 33
893 443
21 982
411 998
549 564
270 47
164 534
934 502
60 455
830 39
726 116
892 356
431 88
735 238
27 167
283 81
329 435
882 737
481 344
619 990
84 163
446 526
863 219
478 383
870 685
28 442
307 373
830 611
581 423
191 943
887 999
283 669
214 931
984 318
124 805
324 182
628 356
600 509
699 499
58 489
390 472
528 249
512 542
90 518
604 396
971 915
922 385
85 769
915 568
186 388
195 110
988 817
898 553
280 240
570 209
937 690
720 334
90 122
270 382
406 782
25 717
855 161
341 811
786 1000
712 433
221 773
4 829
299 363
624 520
640 301
308 459
536 878
437 745
612 57
748 937
490 841
252 696
169 148
902 572
653 634
201 523
551 287
420 995
791 748
145 60
92 939
311 587
221 713
493 612
986 743
790 415
649 973
619 843
93 160
349 214
662 820
496 517
818 161
470 660
901 806
59 79
573 457
188 937
612 980
370 427
907 234
803 45
291 257
388 685
634 939
180 527
950 63
293 872
525 921
161 238
108 793
306 977
772 986
20 39
246 907
458 651
609 970
21 556
556 855
694 717
53 251
159 850
599 320
470 284
666 825
645 40
133 196
647 590
670 501
963 653
317 24
531 190
351 809
526 71
840 970
662 519
865 393
807 618
724 324
83 692
265 903
69 393
468 122
952 583
447 780
818 912
931 755
748 480
944 725
266 545
487 285
519 590
595 412
913 607
410 499
237 748
915 658
954 244
59 984
559 543
301 891
340 999
529 536
310 203
651 13
402 613
669 417
466 604
565 752
694 28
436 772
860 268
881 571
894 759
647 383
299 405
209 279
601 565
433 923
513 895
15 497
626 160
38 818
891 204
12 901
273 643
759 461
192 637
881 71
97 688
680 593
825 392
576 514
313 604
207 556
691 371
50 345
820 405
195 896
52 831
730 279
596 444
47 4
340 242
70 943
400 327
623 689
257 706
990 108
273 207
153 529
192 57
563 218
178 68
162 833
210 693
67 836
309 783
214 900
783 711
509 344
550 726
135 788
935 813
789 344
270 807
567 215
129 101
332 548
334 174
431 848
968 36
225 589
324 279
349 996
409 567
10 2
487 858
925 172
411 554
980 937
618 334
226 615
138 817
378 410
901 468
924 795
656 845
898 902
356 452
928 205
803 799
644 281
826 740
367 708
939 335
49 849
284 152
503 260
969 896
715 228
807 716
957 191
959 529
514 684
117 307
541 465
126 547
587 63
382 905
421 371
633 845
965 886
490 278
478 271
727 924
487 71
992 939
904 625
634 464
482 581
980 196
597 716
69 99
145 659
991 580
954 330
940 873
559 753
1 237
727 448
374 872
379 702
471 134
902 324
23 677
196 175
860 214
823 962
756 487
629 927
613 314
661 148
760 849
262 961
564 577
301 613
107 794
522 93
206 738
831 213
506 632
821 112
90 490
920 863
83 863
800 821
325 742
34 757
592 55
41 311
209 633
119 26
714 534
716 72
165 222
333 920
515 616
231 418
503 409
30 795
549 777
307 434
457 353
662 632
459 735
83 667
947 243
783 537
52 533
456 694
903 548
144 19
921 381
886 279
893 521
141 378
418 705
185 698
992 806
962 898
874 182
339 321
768 631
475 257
894 28
269 615
292 984
262 240
619 295
607 782
167 685
478 950
923 839
409 717
780 964
335 587
570 400
660 274
812 53
724 665
565 667
217 517
664 196
152 408
447 99
200 420
290 314
940 288
617 181
820 894
437 298
734 943
602 37
692 423
911 71
293 316
78 726
763 90
378 180
327 13
901 206
578 77
527 132
472 32
640 552
829 444
672 121
683 539
524 541
563 193
72 676
508 952
828 235
574 451
957 457
514 438
735 852
101 648
585 891
417 729
753 573
511 261
426 921
582 88
755 564
257 161
40 335
499 498
563 701
139 133
37 558
357 210
447 336
36 505
850 981
723 289
776 944
875 554
414 186
107 964
935 332
591 286
817 373
600 835
254 516
738 977
134 196
835 89
263 480
67 227
265 4
657 762
246 694
209 423
781 665
156 170
262 683
693 125
329 810
755 428
919 527
829 653
683 200
42 208
298 358
618 815
692 42
178 912
496 51
445 102
878 644
735 5
972 456
331 464
903 846
875 287
796 941
374 321
856 192
291 783
457 27
44 557
733 439
221 67
899 477
41 997
788 579
774 618
442 131
119 905
979 984
603 964
988 154
128 926
667 631
79 379
56 752
201 457
113 594
862 897
115 60
154 576
945 843
968 180
534 743
149 331
479 948
133 822
647 444
285 411
910 918
54 344
241 327
24 155
637 225
17 950
886 640
427 199
263 597
307 925
754 14
256 429
973 368
406 979
482 333
173 956
532 337
389 784
449 45
624 637
77 541
644 169
946 433
766 822
268 645
420 856
113 474
791 827
537 997
131 20
961 837
571 514
970 29
739 344
596 183
174 5
732 567
93 203
476 245
439 483
499 652
268 201
127 956
23 849
376 48
528 477
590 687
719 73
961 641
534 54
239 308
827 56
59 914
488 968
234 212
552 753
771 529
651 199
750 531
676 658
487 923
572 579
833 837
81 216
604 172
717 459
959 402
103 728
214 335
417 47
993 732
310 589
77 846
229 915
854 398
273 697
916 293
616 47
692 460
904 244
355 82
9 976
878 354
184 330
131 453
744 770
255 346
769 879
790 691
792 696
995 915
554 158
402 419
630 173
969 669
715 481
992 618
457 497
314 586
452 700
576 152
230 377
933 284
75 620
596 58
444 319
151 307
619 107
144 419
642 446
577 659
803 241
738 390
724 853
763 825
537 430
576 324
387 999
103 393
931 226
864 207
707 907
121 730
845 809
612 564
86 695
432 810
893 61
586 647
492 762
169 681
42 697
134 217
526 751
798 112
164 916
590 246
25 574
103 845
786 955
622 199
237 219
403 121
170 148
479 162
543 597
428 732
234 799
218 184
972 993
612 72
423 987
248 955
824 88
697 462
554 449
208 781
812 521
563 437
798 716
88 851
731 763
369 798
406 741
246 23
412 701
433 394
347 912
725 235
356 834
123 585
644 903
26 346
540 208
526 359
434 903
261 950
115 999
758 783
795 307
728 846
654 634
610 270
926 602
220 41
817 57
125 484
824 875
660 465
42 1000
918 793
323 961
694 240
881 991
219 144
438 434
906 960
525 554
765 165
341 685
140 520
546 315
401 776
788 492
924 764
873 28
716 638
741 29
953 5
720 264
759 681
298 946
835 233
247 501
489 549
180 434
203 883
281 817
599 241
507 217
246 294
82 831
963 730
820 113
252 738
623 477
51 210
731 628
574 130
23 392
583 80
396 141
841 386
36 868
204 690
995 649
317 909
451 679
490 323
607 380
455 515
886 301
789 388
157 762
325 420
272 304
304 225
124 994
984 579
417 454
827 31
951 182
241 651
183 296
884 75
333 251
393 702
86 541
547 29
146 926
402 564
902 489
427 907
872 642
30 52
346 233
906 119
779 207
599 966
855 440
592 656
617 227
472 558
372 731
123 215
416 181
826 384
21 610
65 850
90 391
473 53
717 874
293 354
83 818
726 24
85 128
765 638
839 283
133 282
433 752
105 851
624 717
218 402
695 900
679 259
331 145
294 999
813 781
596 611
633 625
250 35
838 736
469 259
425 997
245 236
503 548
964 970
434 109
535 305
620 63
325 213
182 614
666 307
101 894
767 393
456 747
850 455
914 596
40 377
296 771
900 519
614 391
372 54
600 337
729 627
943 528
837 509
966 659
399 566
537 465
115 253
101 306
751 456
721 749
172 35
896 239
416 388
828 933
404 429
159 581
807 217
989 662
152 301
341 839
57 112
313 222
901 421
686 793
181 991
294 214
912 785
273 841
365 227
706 33
542 331
194 461
14 96
694 518
143 260
844 407
99 88
800 21
265 654
290 843
274 452
131 341
313 666
818 649
352 539
930 906
697 621
386 940
478 350
448 157
761 147
853 739
583 318
274 904
728 883
417 684
73 2
940 696
762 414
236 585
183 114
997 650
229 272
374 987
358 508
729 760
750 978
879 682
291 437
955 138
157 452
286 248
436 525
475 33
509 834
493 445
827 293
158 65
190 374
635 621
377 845
483 456
416 287
953 232
169 569
849 79
860 585
309 253
226 557
431 334
290 538
313 363
27 469
910 280
986 130
806 153
596 709
891 3
711 276
199 64
441 632
374 46
655 509
895 984
127 418
551 316
293 28
648 101
415 521
532 735
991 474
64 235
728 130
343 891
931 615
566 970
827 566
481 502
84 85
619 808
273 258
130 397
974 570
535 95
671 655
106 175
76 971
936 892
906 540
470 695
135 211
859 645
310 95
718 328
704 406
379 632
662 275
955 263
480 741
443 491
851 470
512 328
858 454
180 750
152 71
673 955
251 659
285 38
621 711
252 430
824 279
877 861
388 192
90 416
164 879
590 493
9 926
191 354
69 790
373 672
714 556
790 649
75 26
891 924
531 223
914 173
455 335
312 679
630 379
593 618
563 174
305 610
655 326
53 656
265 928
793 550
541 748
714 224
382 882
398 759
112 338
748 455
453 237
951 354
861 224
771 136
794 43
692 654
789 500
314 980
542 724
724 799
157 618
48 231
382 270
797 555
45 198
465 450
730 638
384 40
935 669
3 750
24 511
478 908
137 672
79 411
803 375
72 459
533 66
833 744
263 433
46 963
512 451
768 125
60 927
258 851
115 348
85 572
952 377
223 450
276 819
693 46
324 583
610 732
882 89
204 45
983 309
367 592
498 560
78 780
657 919
41 506
645 254
246 45
50 376
919 352
852 837
190 676
174 809
545 939
47 37
619 978
469 499
365 578
524 551
395 925
231 153
127 88
535 417
212 186
710 201
272 127
71 385
219 750
537 517
18 527
629 439
461 613
652 210
887 995
366 738
737 990
610 324
954 486
707 738
504 103
607 625
409 980
727 620
379 706
824 949
519 288
708 367
466 878
528 253
927 15
145 835
152 225
650 672
228 948
366 798
555 613
760 997
299 163
301 977
453 662
458 768
755 42
612 737
370 244
280 244
319 61
893 136
72 374
146 677
826 323
733 656
371 595
599 203
532 128
454 638
878 6
359 951
891 102
123 464
711 307
568 67
734 720
921 917
132 20
551 283
558 717
703 428
152 793
763 145
212 393
892 507
982 381
622 724
71 182
348 601
539 224
207 406
887 304
66 978
13 249
610 151
993 261
776 381
819 302
842 117
164 89
187 424
496 569
249 855
41 547
546 704
269 531
917 359
822 300
702 854
167 729
561 22
393 612
780 880
953 412
964 100
323 116
2 579
152 108
855 498
73 558
850 782
336 392
234 635
345 494
695 410
831 202
651 848
561 978
584 269
886 718
194 12
950 639
613 799
816 639
696 933
848 160
424 680
795 939
43 846
541 195
550 147
352 986
333 953
852 927
778 518
303 97
160 465
130 761
455 362
296 241
886 138
946 375
360 760
344 29
992 665
611 97
369 638
212 28
620 497
2 302
408 745
705 149
689 552
463 141
447 776
737 804
301 435
748 476
697 874
280 594
870 843
842 248
224 191
81 602
279 525
67 539
874 169
758 559
945 66
103 350
417 425
135 99
29 764
488 770
414 46
326 714
935 760
483 521
381 186
134 40
46 932
964 239
376 550
996 216
445 590
20 182
262 799
33 150
787 509
464 758
337 632
782 256
143 462
627 619
459 45
83 905
198 458
401 116
387 169
541 344
486 593
308 685
956 849
635 402
965 525
748 147
123 742
900 376
540 135
464 818
448 87
411 349
268 450
821 666
588 699
240 777
420 5
443 876
597 835
2 165
311 173
728 957
654 421
112 418
903 510
340 690
845 683
921 171
577 601
72 159
127 763
558 419
867 816
936 631
793 18
777 693
975 318
673 612
57 271
6 176
119 601
896 180
160 639
879 48
464 37
941 557
30 468
74 812
113 770
521 491
32 296
108 515
899 674
170 106
887 235
700 974
911 809
325 945
818 882
322 613
396 220
732 643
478 499
706 526
780 265
590 515
629 39
101 606
779 720
253 883
179 592
232 530
709 32
603 549
504 471
414 324
538 952
24 318
153 478
229 331
231 685
842 530
625 994
111 875
367 477
722 60
233 25
286 45
971 871
78 147
25 773
959 270
742 138
154 675
392 512
306 806
751 168
417 179
889 695
285 124
582 754
458 656
884 510
817 515
42 482
298 904
632 510
503 81
950 656
129 690
973 273
521 144
777 254
498 883
597 485
235 620
454 910
94 417
772 295
493 940
477 551
117 576
320 494
375 392
368 474
815 368
356 587
621 65
326 359
937 130
79 565
759 215
155 77
549 821
397 8
293 247
567 689
936 469
205 848
857 885
843 262
573 113
211 176
605 256
400 929
5 886
404 920
941 143
814 103
376 79
604 335
288 901
71 650
521 901
115 810
101 451
108 210
96 205
721 702
301 786
488 807
31 441
822 476
552 720
3 664
160 729
826 2
699 240
579 326
466 629
129 835
422 712
189 691
281 568
48 285
659 463
57 33
744 165
66 337
963 965
910 764
552 812
460 121
467 815
817 696
215 737
199 284
835 300
530 341
795 859
887 497
89 428
398 844
271 454
356 766
340 219
584 857
877 332
967 462
773 657
259 23
939 681
706 340
395 599
305 725
549 954
895 824
429 876
892 766
80 790
691 214
509 335
571 444
336 779
903 405
135 815
227 982
942 69
451 490
70 256
914 666
365 956
810 859
616 902
374 906
840 282
125 368
72 868
750 893
254 76
150 283
443 271
941 4
634 758
353 653
323 821
180 970
987 458
881 835
152 171
484 320
638 33
767 903
112 835
935 328
681 889
750 697
328 650
367 235
581 609
604 774
219 288
493 82
419 819
954 676
15 109
437 699
384 569
460 236
8 501
393 317
835 409
344 476
473 248
346 630
62 362
528 922
147 744
403 594
170 715
887 330
13 175
910 135
472 431
633 692
250 236
930 944
939 802
602 1000
676 343
330 279
710 114
913 796
145 682
76 922
936 203
115 964
387 757
954 435
610 273
421 926
22 387
813 396
414 361
400 663
372 243
393 594
254 251
978 239
219 241
129 233
332 944
267 807
401 745
366 243
223 558
663 989
299 214
690 876
711 666
967 556
630 878
150 978
65 934
678 688
330 514
76 226
904 333
281 786
177 865
320 387
624 625
640 758
345 112
229 686
316 149
544 112
784 687
415 707
883 875
179 772
472 314
255 17
520 840
114 851
188 206
61 312
642 295
326 196
273 456
296 887
10 653
254 426
671 833
154 799
357 820
34 505
110 596
36 351
797 924
672 847
626 718
935 562
77 262
243 34
280 984
137 625
33 672
669 499
90 802
641 82
371 823
396 820
66 330
488 392
437 465
204 508
748 641
432 767
17 551
471 694
916 289
579 169
946 668
164 673
60 626
39 355
800 953
726 59
696 122
380 483
532 480
290 983
170 353
804 992
142 203
294 774
912 577
123 304
252 916
681 132
473 978
572 362
136 670
874 526
636 609
696 438
680 987
311 359
424 153
64 416
610 503
460 990
799 355
197 29
732 902
755 607
40 344
222 608
102 138
879 582
805 943
291 41
992 170
496 793
512 577
537 434
244 510
712 904
380 782
751 489
774 336
133 616
543 29
271 766
241 545
93 512
935 679
206 801
137 766
870 376
621 958
803 305
132 551
881 738
99 701
355 775
871 759
177 975
786 951
108 565
66 449
817 776
506 379
960 620
49 771
459 912
800 52
680 522
915 357
493 689
576 939
331 299
649 898
135 763
264 480
174 871
808 253
118 960
35 396
533 661
171 828
62 651
982 1000
749 563
272 185
145 717
258 484
541 807
546 883
728 850
887 933
433 74
456 437
248 55
153 484
372 152
393 565
291 338
736 75
443 383
927 193
650 358
334 199
380 897
901 695
405 920
587 798
345 607
439 649
8 521
778 21
725 900
264 659
47 744
764 878
639 979
821 2
604 950
332 81
103 962
401 328
751 822
661 538
592 101
373 572
797 170
859 401
347 677
229 649
381 990
386 734
667 371
946 390
231 400
948 328
201 709
805 449
148 964
888 905
23 388
152 851
339 851
929 557
666 680
961 892
818 991
610 93
679 718
979 272
135 620
211 250
280 513
706 603
330 359
519 539
187 466
277 348
353 974
763 647
378 619
897 807
571 185
582 347
589 565
354 998
485 12
798 146
604 197
989 541
55 671
664 146
475 923
959 357
251 688
788 115
682 538
938 416
223 446
389 488
986 436
294 351
354 554
123 235
748 670
56 160
134 455
321 204
235 531
198 421
894 838
401 197
991 232
730 322
820 448
398 154
536 567
100 606
236 14
826 960
307 461
620 59
876 77
514 456
87 918
27 843
486 812
783 688
509 389
610 464
481 172
575 818
303 607
822 549
605 171
508 562
736 277
754 994
685 164
413 993
235 411
897 956
968 503
301 957
15 627
806 858
384 55
190 463
967 749
833 713
157 143
567 324
807 213
636 361
998 576
539 776
405 690
414 544
511 612
815 540
734 580
683 134
782 254
950 944
235 652
184 318
493 716
624 892
294 662
672 450
748 213
363 113
326 7
990 46
554 810
282 233
911 594
821 720
148 722
738 206
277 434
904 644
505 337
468 323
452 712
839 972
583 314
378 705
996 909
650 783
795 298
304 335
947 407
864 375
292 224
774 676
15 768
900 886
478 670
999 488
432 114
379 739
367 386
708 334
641 403
971 948
309 261
989 419
85 814
447 395
103 533
968 98
246 787
979 610
29 823
211 972
216 802
566 70
716 599
114 129
206 849
727 177
674 63
289 27
492 518
56 890
111 220
132 439
224 560
595 547
946 863
473 343
989 871
459 292
228 495
251 70
548 826
184 13
899 764
502 885
1000 495
91 558
792 507
393 400
416 991
937 339
863 469
826 678
736 947
87 888
601 440
66 565
382 971
843 343
331 443
294 525
465 909
213 947
439 433
499 730
923 332
35 284
383 372
62 795
46 124
512 768
897 730
281 45
871 112
126 57
827 246
174 403
68 242
91 307
951 169
220 469
8 861
280 994
125 80
789 47
113 569
256 10
793 341
101 40
341 537
977 97
105 318
919 807
792 138
280 350
467 860
621 707
517 792
630 691
473 476
346 850
574 986
325 696
622 966
952 46
562 917
320 296
502 960
285 614
347 725
792 582
123 266
109 819
402 341
630 383
706 263
496 279
892 685
311 313
334 586
922 846
601 261
486 769
253 522
993 435
315 171
619 153
84 996
822 606
681 270
727 727
715 539
595 65
348 247
906 655
673 648
608 931
550 826
73 312
935 665
100 342
780 906
485 156
289 993
842 735
916 186
609 696
261 267
300 295
814 601
911 449
897 275
807 304
55 527
168 945
295 28
885 844
484 43
431 556
802 400
454 647
539 815
313 197
207 981
260 324
963 927
375 131
949 80
91 840
86 77
160 207
893 435
720 23
722 701
743 997
835 486
217 3
611 335
763 24
636 778
108 435
532 445
57 539
645 250
585 761
624 849
142 156
571 826
331 357
778 940
264 298
183 673
644 949
425 889
944 807
639 360
307 381
404 673
196 579
348 774
629 435
991 572
260 732
27 763
89 934
700 194
866 822
98 684
338 127
619 18
84 879
70 334
453 350
990 399
296 663
63 531
10 493
72 190
775 950
67 357
78 103
461 933
742 62
906 818
285 456
587 840
349 961
354 749
764 800
877 767
72 378
833 633
480 911
759 767
595 518
925 137
376 720
768 204
973 189
846 949
885 977
9 248
228 500
392 240
998 720
929 63
34 669
968 515
592 927
119 98
449 402
345 33
165 374
520 347
303 216
902 564
865 756
203 493
60 338
498 675
777 302
493 604
592 475
387 115
306 65
790 407
45 676
838 483
287 379
623 871
439 428
259 218
796 915
268 20
895 103
932 243
353 900
482 608
581 276
157 780
823 379
606 889
719 186
463 376
140 941
112 636
315 433
121 386
430 994
107 691
54 990
326 595
665 107
884 25
944 414
12 454
547 75
805 655
480 734
595 855
978 181
106 264
966 914
756 450
445 693
742 181
673 914
998 259
940 136
781 908
564 556
232 205
414 867
704 843
358 908
750 386
773 329
171 235
411 664
512 173
971 320
293 340
406 925
415 833
117 545
43 834
887 93
322 279
285 897
359 548
790 742
660 546
593 513
134 825
307 407
397 41
353 341
300 692
230 652
767 511
269 960
598 591
896 753
153 200
141 407
201 244
699 341
595 420
385 30
560 908
758 547
230 200
315 330
211 653
183 371
497 968
24 488
333 162
506 886
983 232
12 633
328 830
937 976
404 499
542 185
798 199
768 918
648 748
258 840
885 887
200 455
539 834
601 573
543 678
488 450
354 503
100 247
229 981
19 107
517 168
632 680
833 323
717 977
60 564
636 231
350 149
408 956
668 42
675 862
820 413
783 267
511 994
778 905
467 264
340 250
621 151
584 888
86 482
697 575
141 72
549 91
397 222
625 301
752 89
37 183
224 386
226 336
620 96
25 320
560 763
461 636
500 230
650 885
170 891
486 913
527 677
306 363
799 293
896 588
605 246
70 355
19 995
222 574
796 761
97 304
671 908
362 820
987 299
606 595
154 984
548 296
306 687
751 291
163 778
440 645
223 666
889 558
183 452
497 837
944 132
323 366
272 912
973 152
599 34
657 735
795 585
195 697
919 552
462 833
377 731
928 197
467 601
764 449
886 980
282 590
549 652
678 992
867 41
152 770
613 565
302 500
196 799
438 756
809 992
57 651
387 22
334 901
244 515
463 803
654 248
527 874
255 397
792 833
762 51
303 891
658 790
144 144
757 252
923 134
411 426
72 626
625 602
754 830
420 436
32 660
415 115
145 651
348 950
205 539
392 968
154 235
75 679
22 418
135 129
465 263
693 695
474 767
499 32
462 84
766 38
141 641
132 808
738 735
298 560
641 38
807 497
2 632
152 21
816 12
4 625
424 885
578 522
6 35
889 699
656 628
190 303
372 662
893 372
33 112
289 238
111 299
337 666
618 573
837 861
904 364
523 450
318 194
742 714
122 963
290 611
691 661
460 390
568 55
236 221
623 531
1 970
937 134
402 267
208 582
835 739
503 401
966 154
288 477
16 280
878 566
991 381
922 788
447 787
142 411
331 622
633 994
227 593
988 388
628 675
990 334
439 476
886 367
600 132
139 256
28 693
157 700
512 981
694 461
966 358
76 812
422 768
520 675
121 626
243 3
958 688
499 173
393 760
485 66
471 19
660 282
441 228
150 716
798 232
964 240
159 406
971 660
302 918
636 280
447 107
124 484
87 208
237 835
901 370
96 525
536 181
649 378
460 117
483 172
12 922
930 373
494 300
143 497
807 942
657 961
532 391
147 867
832 425
631 91
557 852
373 839
230 976
543 769
142 170
271 450
98 190
801 595
1 839
628 882
990 121
863 245
222 7
425 807
549 934
53 823
867 351
913 923
182 544
311 324
666 373
562 386
887 561
373 187
225 124
232 688
709 450
875 998
755 572
130 169
455 826
372 116
870 223
434 627
111 713
224 35
171 620
595 20
337 260
618 159
719 959
306 648
225 568
850 973
926 398
31 302
91 467
702 593
612 727
354 803
72 292
699 897
669 297
851 570
217 666
521 498
846 835
468 525
569 478
73 815
557 517
730 75
52 115
665 988
460 232
264 67
49 812
263 924
74 713
189 8
9 866
122 221
431 63
770 631
539 318
977 717
956 989
776 171
481 443
580 977
227 651
460 684
923 189
28 479
44 549
597 831
581 346
975 118
371 370
80 901
788 587
462 121
139 54
609 476
888 149
694 215
309 379
717 334
258 523
101 249
525 583
712 82
486 429
479 956
785 939
204 325
727 123
273 580
471 313
533 302
275 18
21 762
540 542
960 794
722 409
962 168
321 336
551 190
904 369
482 325
673 20
103 995
34 742
479 112
195 585
566 584
700 954
437 524
407 356
907 804
630 302
722 989
448 490
895 926
217 291
187 567
136 279
749 325
184 515
424 18
4 278
779 920
373 81
320 67
601 502
322 657
677 9
382 769
218 814
174 13
446 790
801 869
5 797
335 58
840 632
720 990
279 451
62 977
927 471
399 654
129 446
735 586
629 211
221 208
961 665
917 446
956 404
375 652
174 457
326 644
524 327
711 967
33 676
570 389
402 531
298 704
798 141
655 524
747 551
664 241
777 950
154 735
615 484
945 760
855 85
198 824
608 286
564 505
949 1
329 904
234 656
497 66
151 707
808 826
238 171
402 983
494 273
955 769
722 524
7 684
411 815
639 869
565 66
53 286
544 323
249 451
235 752
553 667
576 724
41 335
908 691
502 14
105 816
269 359
52 841
22 545
723 660
697 517
960 337
448 101
782 910
676 437
994 48
191 868
286 660
69 300
883 760
795 446
357 737
396 35
753 520
852 436
965 115
642 438
644 600
349 462
651 428
372 17
616 943
176 780
289 611
457 821
701 522
120 89
284 802
422 912
11 43
525 685
292 592
301 926
746 151
430 706
965 439
806 837
77 183
125 171
837 542
217 701
971 612
521 469
385 621
726 270
998 611
48 737
968 978
34 844
659 323
772 738
938 246
543 605
882 923
702 246
852 711
808 677
130 977
847 844
791 661
429 564
530 225
744 757
320 237
486 574
195 831
142 346
575 512
748 52
822 855
912 304
644 911
757 770
847 640
690 253
879 787
226 317
761 176
980 150
839 941
705 393
283 607
456 441
465 317
444 586
84 673
24 716
741 577
393 569
33 514
976 606
595 132
300 24
980 586
413 855
567 122
491 655
385 318
371 981
103 570
931 279
663 948
889 641
449 540
105 146
345 419
24 136
86 858
547 724
694 820
950 674
242 207
742 512
431 363
198 546
899 733
20 402
539 610
541 48
246 318
843 808
458 262
352 781
942 972
672 176
801 284
494 555
819 176
549 871
187 554
904 914
657 206
147 604
779 895
320 120
253 662
329 254
352 329
294 556
188 39
395 852
231 80
842 183
111 526
662 906
81 559
46 415
583 396
936 863
712 742
110 701
419 184
426 644
449 813
183 288
522 506
997 860
854 959
711 994
379 541
824 766
402 556
745 156
876 862
560 103
9 487
484 71
696 551
557 326
391 522
195 413
972 835
741 138
778 388
570 802
916 266
411 834
807 992
422 70
613 849
800 914
751 711
477 590
230 782
359 622
804 969
456 855
852 989
799 822
451 988
605 739
363 248
95 193
259 453
960 374
616 504
395 517
201 886
648 435
867 265
196 575
839 855
410 125
781 90
433 180
709 264
158 518
469 847
900 527
923 422
803 220
125 322
549 288
512 634
784 255
106 113
399 574
267 152
110 456
456 175
105 72
845 828
538 676
280 76
245 876
33 276
252 152
570 117
381 380
517 554
169 692
464 104
814 632
323 191
270 474
768 80
950 328
475 872
78 439
546 93
772 527
77 726
815 536
476 840
759 399
501 427
856 726
985 502
969 985
180 144
436 314
535 542
482 72
249 435
364 36
682 449
772 67
758 380
668 108
880 458
329 340
352 531
776 149
504 974
446 977
748 209
236 509
409 381
840 695
178 2
268 384
978 733
362 182
235 204
371 444
357 625
774 664
352 95
317 687
121 278
234 31
605 60
241 873
757 353
999 484
842 417
519 381
300 53
708 330
466 845
823 907
770 309
76 524
521 873
447 439
486 411
841 760
788 465
389 266
836 421
107 867
467 983
229 220
95 679
21 704
314 442
722 463
293 704
855 862
772 370
20 511
578 417
707 351
797 193
216 354
179 278
677 571
859 392
949 262
972 105
130 577
921 890
259 383
577 232
494 524
459 868
867 99
196 849
145 21
491 407
94 48
631 891
924 281
193 257
343 883
804 743
329 193
239 834
45 645
981 457
70 88
589 968
861 867
24 896
3 145
176 715
72 908
879 899
37 498
166 734
978 336
373 475
908 506
712 715
509 171
520 754
707 560
234 130
400 560
384 213
291 294
16 639
989 564
793 345
777 636
78 205
392 478
929 297
931 487
237 916
509 751
57 470
96 444
993 674
426 229
873 148
301 675
933 754
716 710
310 915
591 518
342 32
199 361
337 736
542 489
104 245
178 676
694 676
754 115
459 85
498 949
726 245
735 361
938 13
170 403
977 545
304 993
375 334
456 828
382 702
536 544
829 357
407 179
672 32
967 27
515 682
476 598
155 11
457 295
724 355
482 850
959 708
339 967
507 653
438 521
666 292
170 983
908 809
50 1
151 285
649 643
619 157
672 748
875 55
144 85
236 747
118 707
909 802
328 129
314 988
261 691
309 679
491 588
996 679
334 10
484 403
546 626
304 105
440 537
582 495
370 377
423 449
402 700
480 520
346 97
461 368
341 938
290 376
555 172
578 711
760 542
428 526
165 461
241 95
665 525
481 936
801 221
568 192
56 20
593 275
722 697
941 857
489 810
242 466
482 421
765 998
758 273
647 792
691 344
460 579
174 817
838 360
236 410
734 425
19 580
644 945
577 498
669 514
946 137
754 682
745 769
876 217
749 613
897 612
221 12
283 617
857 572
956 176
866 818
723 167
391 135
414 316
128 965
935 970
681 767
370 552
921 136
810 797
49 69
28 882
720 766
519 280
7 452
436 562
537 73
846 509
258 634
152 233
885 409
484 262
841 707
931 321
202 783
663 910
458 776
423 122
854 698
111 199
367 809
314 423
595 522
7 904
798 941
450 39
694 834
551 207
823 618
830 258
523 374
742 638
177 822
638 575
716 492
497 418
596 682
584 582
722 812
632 850
856 326
948 158
307 14
523 818
869 956
145 40
772 211
387 119
170 653
36 854
917 939
573 25
451 729
748 97
732 638
386 84
448 773
639 153
948 722
588 585
496 561
823 375
71 754
25 430
387 563
297 689
27 584
269 523
36 234
684 686
98 575
776 673
181 420
538 999
176 108
374 835
125 71
699 152
404 116
270 661
94 840
536 9
370 99
651 840
764 183
12 774
111 328
95 823
7 637
178 641
489 960
332 442
544 754
749 199
557 704
36 517
970 391
829 320
294 981
778 526
47 135
545 777
469 337
787 820
455 354
74 434
300 688
83 320
9 549
106 611
631 747
50 26
675 533
760 395
98 270
559 495
942 477
836 544
467 63
446 812
361 704
365 804
206 472
706 992
418 760
609 235
595 424
136 877
671 775
332 677
297 830
304 78
675 81
915 670
608 924
239 374
225 460
172 77
914 966
898 451
439 993
750 721
826 33
662 411
989 676
60 908
777 972
410 955
622 382
87 241
698 342
534 560
66 396
910 675
656 974
437 275
368 684
446 451
764 74
912 963
393 213
492 261
476 898
19 111
275 217
773 58
381 758
298 218
118 459
307 168
270 92
71 80
532 422
772 117
43 563
961 84
818 759
359 725
216 157
677 304
986 897
38 490
331 380
635 426
787 961
602 576
369 739
888 621
814 341
376 321
874 576
982 927
364 418
537 560
115 604
25 324
758 246
871 429
193 526
546 830
412 808
841 234
993 39
850 360
426 864
889 246
303 566
400 895
810 806
900 932
953 514
572 876
558 427
427 743
309 727
756 96
975 262
228 921
608 23
772 864
774 274
405 853
225 601
559 948
582 639
785 799
769 434
271 828
907 268
925 160
159 760
588 478
897 391
975 890
599 62
952 497
513 704
61 796
402 144
164 618
701 349
496 74
740 293
929 594
596 331
227 680
623 846
476 345
886 404
944 939
178 495
918 403
791 131
62 837
323 583
106 861
55 132
516 426
184 979
131 844
931 917
714 495
594 841
250 719
474 763
642 243
921 56
614 159
358 345
533 139
150 437
376 904
987 184
950 44
2 628
936 746
371 911
523 58
355 562
890 933
954 914
133 799
52 353
785 916
167 112
741 91
561 941
584 282
363 781
252 120
713 762
833 493
284 419
807 49
78 599
209 629
285 952
714 538
52 933
414 708
218 461
806 250
511 832
730 177
442 953
829 315
612 189
672 250
621 57
476 616
810 152
26 427
5 698
925 633
752 135
53 686
37 105
662 628
867 214
210 591
300 717
445 276
175 255
719 498
938 631
297 261
705 128
691 85
306 205
841 320
836 717
250 414
287 247
623 979
697 853
199 555
24 981
116 379
577 767
185 710
701 662
337 387
300 785
157 696
666 174
244 86
392 887
154 890
230 33
767 794
112 704
405 171
686 276
391 904
504 362
234 319
859 800
870 480
690 634
432 854
547 991
487 944
586 571
789 902
337 79
120 425
618 488
821 277
90 769
219 431
410 932
198 795
968 838
18 437
608 317
954 793
848 492
336 16
753 417
368 641
919 654
591 733
460 113
868 118
702 362
264 988
372 869
160 157
621 362
130 829
441 676
743 987
118 492
549 622
489 848
521 5
904 155
636 216
274 399
576 563
29 407
806 113
866 196
584 833
568 326
222 11
683 535
630 132
921 666
577 8
28 320
946 255
88 235
268 471
344 149
701 103
760 507
596 97
504 57
499 510
524 85
231 783
277 35
23 515
286 179
452 95
758 599
638 41
253 21
237 624
698 130
910 791
91 471
806 868
884 280
651 905
319 239
674 490
893 214
983 84
56 941
863 994
312 279
42 640
812 412
422 383
226 596
650 210
982 135
380 237
557 513
578 272
299 273
156 190
963 822
753 222
561 727
372 1000
854 60
222 314
618 787
911 988
844 465
99 154
175 81
468 973
765 945
198 338
221 659
350 41
647 839
142 309
435 301
331 460
430 496
361 897
757 227
26 133
5 916
727 911
321 583
148 656
853 673
512 883
452 782
516 439
546 686
947 469
440 829
315 399
82 142
598 846
552 370
628 389
757 295
614 240
870 78
600 414
824 786
201 501
314 60
595 165
309 327
129 225
846 22
915 923
993 595
587 819
789 656
132 373
261 23
542 440
925 80
369 96
765 642
899 570
938 92
117 627
578 487
133 254
449 57
322 297
126 995
472 198
624 617
907 856
312 734
916 986
517 425
231 429
53 585
256 997
749 321
514 592
71 341
696 307
772 136
832 179
705 187
89 654
303 759
990 343
245 388
261 772
558 234
685 268
83 198
710 993
235 259
41 606
228 600
802 923
435 882
866 530
504 335
732 79
522 413
997 893
125 18
750 543
992 339
113 763
101 106
696 710
894 681
108 954
66 322
910 745
582 890
831 41
644 460
65 779
164 681
551 47
809 805
477 687
811 339
721 465
449 182
910 37
783 217
587 488
829 427
481 261
762 894
100 633
377 468
183 530
937 26
118 77
653 846
307 302
572 354
166 471
226 162
839 820
477 19
758 140
101 647
417 712
624 160
59 383
903 424
474 954
220 170
997 558
637 535
563 684
487 380
261 649
480 502
941 23
745 430
798 416
242 656
115 162
816 207
728 523
737 323
225 535
195 171
38 727
3 784
185 242
595 955
671 502
752 826
371 648
445 913
461 310
945 617
237 207
260 282
225 979
797 45
513 670
91 950
264 940
441 532
88 863
549 766
473 235
950 919
23 267
888 774
763 198
463 881
1000 515
675 825
984 136
677 235
790 474
331 291
465 885
455 642
370 938
780 379
526 371
835 992
946 79
291 798
406 61
466 488
581 353
413 751
645 752
202 641
232 708
875 874
462 102
563 569
358 407
729 801
215 378
842 448
992 61
927 201
710 715
323 973
881 971
862 918
756 445
258 544
654 898
34 27
396 918
486 442
954 984
564 671
730 643
589 252
206 692
981 626
727 82
379 192
402 889
683 392
388 804
480 845
964 503
85 271
530 396
80 129
652 959
873 580
15 229
329 678
626 436
467 560
199 25
231 392
985 92
973 643
855 675
246 254
179 819
587 158
75 962
149 599
331 604
903 722
748 427
912 175
176 746
766 707
932 49
789 392
535 116
171 929
427 571
300 843
851 67
249 789
784 120
505 643
452 926
650 593
101 433
304 157
714 344
352 137
188 615
82 30
375 679
174 438
488 985
361 109
693 718
626 675
400 543
243 81
423 365
499 251
79 511
932 757
962 528
376 989
927 818
512 303
641 77
871 593
341 966
103 683
825 905
20 237
601 754
29 105
603 12
398 294
626 871
190 132
379 93
252 453
273 712
660 940
639 844
768 261
473 1
436 179
99 475
982 386
200 854
772 452
539 499
389 916
691 300
956 664
575 358
481 760
31 708
365 422
939 603
819 1
639 384
268 265
662 729
265 969
514 448
878 911
115 653
922 941
525 192
156 613
550 669
442 342
760 453
633 953
232 894
529 150
642 431
236 714
554 739
379 878
418 830
745 433
131 620
283 825
103 408
405 774
582 462
250 943
181 367
552 653
384 15
845 824
868 751
462 376
923 998
409 620
160 550
418 226
104 899
67 25
548 703
200 517
96 726
389 69
449 506
195 266
656 776
329 796
114 454
649 465
423 810
393 275
252 344
750 203
734 588
752 475
973 617
703 320
599 403
290 863
334 888
195 838
105 964
732 714
549 29
35 411
736 636
473 586
201 999
330 197
519 949
752 103
934 969
44 603
943 885
378 713
514 343
71 606
643 105
735 759
719 274
650 823
779 665
366 645
940 684
707 715
797 853
926 619
158 753
361 267
785 409
704 279
63 572
780 148
215 337
162 351
284 942
263 191
853 811
106 480
650 331
228 851
638 898
675 148
246 875
195 59
896 118
197 745
785 997
287 619
206 857
727 73
983 35
588 480
203 834
574 855
982 232
518 398
463 685
691 582
105 757
308 446
352 870
331 119
190 958
568 106
476 735
425 15
551 304
648 17
83 724
528 967
251 410
749 375
952 999
643 278
184 593
809 34
493 569
779 854
500 491
691 2
50 390
527 936
255 67
248 499
301 279
31 946
896 857
153 800
944 629
245 458
58 751
224 219
44 462
957 701
597 662
657 289
32 722
537 379
463 293
396 290
783 918
571 148
993 250
59 120
543 218
211 293
340 903
102 905
266 133
328 982
208 380
90 880
551 989
860 364
719 731
380 9
306 996
223 589
82 639
769 373
474 245
552 867
898 659
294 296
453 996
575 137
229 845
199 357
623 157
789 747
388 180
946 714
53 288
950 598
173 987
818 611
428 987
873 724
142 25
333 850
875 495
213 140
584 784
17 401
365 449
259 492
840 789
805 89
164 343
558 899
528 690
839 878
539 82
689 577
945 479
50 61
412 948
843 504
188 147
139 334
586 189
148 496
738 464
496 971
249 645
16 802
154 944
500 818
283 860
253 70
73 288
864 21
98 853
232 479
474 260
220 288
591 339
116 881
817 306
833 740
157 162
270 451
369 260
447 169
440 89
389 96
13 692
345 348
61 680
393 246
517 245
111 498
602 495
51 287
307 137
934 486
994 341
339 536
855 608
913 281
454 187
207 529
283 33
956 776
326 16
93 315
10 849
692 929
187 299
496 698
634 112
106 969
583 329
258 50
205 899
795 345
447 986
283 621
412 783
663 454
225 190
799 262
324 166
79 188
245 676
895 318
625 782
42 770
171 682
595 210
784 259
145 831
871 918
855 269
654 968
401 818
440 680
276 22
769 403
439 603
637 38
432 907
932 968
21 695
759 759
263 542
560 358
18 366
795 554
66 98
414 696
22 729
649 33
619 767
912 669
238 911
810 244
282 941
856 330
397 428
406 346
943 417
855 757
772 223
645 343
57 680
601 427
398 921
933 44
59 403
905 587
467 182
213 934
787 619
900 714
630 89
563 912
224 304
261 981
874 278
784 50
710 944
274 780
168 279
258 393
793 772
140 933
663 347
866 581
956 455
426 694
797 965
515 320
935 635
384 206
591 245
831 570
614 190
849 271
722 23
867 962
120 317
279 816
987 153
897 177
205 124
525 905
894 376
391 568
181 100
649 274
561 974
462 631
199 384
593 445
351 325
925 22
985 315
307 803
152 564
251 206
108 717
18 229
899 628
311 872
592 2
901 174
977 568
373 735
834 67
728 450
375 353
433 730
333 941
446 660
326 446
282 816
653 799
766 888
537 943
348 672
705 353
783 578
36 965
331 515
315 134
819 647
609 239
148 477
535 195
867 691
83 128
196 417
620 937
325 323
537 491
516 764
477 392
500 991
689 224
410 451
968 425
456 157
419 275
949 911
914 962
935 748
77 196
591 382
8 981
171 400
464 166
360 471
802 389
553 793
698 338
20 186
260 361
225 908
359 781
52 203
695 611
928 322
976 446
242 427
606 451
553 725
848 791
334 774
195 880
917 781
723 594
778 945
951 546
130 320
296 104
95 376
425 772
819 84
268 502
53 788
58 942
240 773
662 674
249 57
620 88
106 978
18 540
952 738
832 72
230 307
304 433
790 177
405 413
656 53
488 573
1 352
651 490
743 64
805 621
556 421
150 306
962 844
694 319
680 473
846 490
779 31
237 593
405 849
617 947
38 541
372 523
335 641
485 276
621 636
342 359
533 454
402 712
519 247
985 593
731 117
752 836
369 404
9 203
855 172
534 835
647 736
797 19
947 698
324 987
220 788
898 918
354 258
725 369
854 95
757 640
948 135
678 24
904 37
620 271
892 484
182 854
57 659
64 177
322 633
767 345
714 855
933 55
255 437
866 122
723 991
174 933
808 191
79 1000
840 528
201 90
662 825
738 147
97 25
390 540
173 164
339 196
16 97
415 123
463 367
267 432
783 856
248 121
227 872
301 145
345 801
220 487
222 685
206 54
614 147
561 485
63 619
609 497
510 360
404 93
314 223
581 891
694 138
989 454
258 998
719 749
816 4
500 565
507 339
147 290
924 570
781 927
716 692
176 385
185 437
441 803
632 522
263 686
159 873
113 939
369 1
523 506
265 478
800 837
431 297
235 600
894 793
398 205
255 762
679 324
22 585
531 181
259 406
118 209
28 201
895 955
588 785
814 439
62 440
415 680
491 62
454 70
795 6
631 770
525 145
193 424
520 879
465 552
490 397
515 20
183 930
130 42
886 359
432 270
639 21
141 362
842 201
185 714
277 154
814 115
853 983
106 204
733 97
371 160
244 82
387 583
841 896
292 968
721 682
594 184
59 975
112 708
746 15
340 988
167 861
506 859
471 43
992 370
21 488
821 273
60 997
975 536
959 423
318 309
364 563
170 244
299 408
241 137
497 103
481 890
545 433
854 421
146 412
268 911
30 570
860 893
535 971
422 128
740 411
904 159
874 917
302 602
673 326
855 954
705 981
728 370
1000 759
13 814
730 256
843 99
813 839
485 962
531 318
402 502
282 160
501 92
162 842
397 177
291 946
473 571
754 668
210 702
597 946
376 298
286 763
987 794
749 663
899 64
996 964
705 273
675 745
550 731
239 558
575 892
301 55
287 100
755 516
607 559
222 587
909 905
586 790
224 59
97 291
671 915
853 860
858 694
862 522
885 427
548 317
751 278
582 532
24 96
651 909
944 145
245 814
376 674
270 404
756 717
959 40
555 215
601 949
949 499
769 533
536 776
384 565
100 847
356 465
621 475
674 938
109 7
826 721
155 483
268 514
752 485
754 335
978 859
498 657
302 481
855 719
839 74
364 106
126 564
202 236
278 201
575 557
416 578
531 459
921 491
88 378
53 900
143 774
81 663
23 236
16 6
371 378
27 646
728 825
908 5
841 126
700 167
760 138
119 921
762 472
603 980
70 491
384 280
771 916
439 802
409 891
393 606
764 705
992 476
298 581
941 493
971 886
897 79
846 26
306 823
239 119
578 575
315 591
209 64
133 806
336 446
513 904
234 533
674 125
26 924
595 741
411 682
754 62
422 494
631 245
373 741
398 246
520 312
517 405
757 560
856 287
964 938
865 599
330 970
740 689
173 624
505 96
452 569
876 49
987 932
491 85
878 547
64 33
304 624
156 753
398 562
465 963
619 238
361 754
681 455
847 502
254 470
754 902
376 64
253 247
698 868
352 168
543 156
836 170
430 575
695 113
935 550
153 346
937 902
224 705
738 839
155 833
233 917
394 374
57 16
555 369
133 939
156 476
15 395
596 978
423 854
402 975
939 252
282 649
542 299
565 74
694 614
574 920
152 585
189 358
943 333
212 697
673 441
200 885
184 346
947 951
571 995
633 542
905 367
407 241
875 425
363 221
199 883
916 873
411 355
307 306
143 600
648 342
558 953
226 190
64 444
36 50
218 957
239 533
610 395
98 727
529 887
935 791
870 808
609 50
775 895
957 632
724 869
300 157
936 941
689 75
103 441
306 669
684 458
582 553
965 447
409 589
342 317
593 145
132 555
904 467
523 315
82 952
806 313
271 134
575 116
561 686
660 726
630 588
782 161
549 762
436 485
136 505
493 677
908 990
818 860
216 54
458 95
430 473
787 536
273 354
884 540
335 420
999 893
549 62
127 6
535 511
738 233
537 719
735 724
101 520
931 963
571 312
239 414
774 639
331 867
940 659
866 756
850 273
785 634
951 13
24 724
840 150
141 623
849 472
685 114
567 114
346 370
244 341
253 385
57 366
772 793
209 91
769 473
181 213
635 518
160 976
826 269
722 426
941 588
639 967
865 910
740 90
355 956
198 538
221 859
592 81
783 127
804 846
665 852
635 66
757 603
259 320
577 205
759 253
819 184
268 658
35 745
201 753
293 33
784 688
175 205
182 763
438 657
2 405
477 949
818 979
984 23
566 929
398 599
866 967
460 820
801 848
365 881
28 583
14 534
975 494
334 482
410 434
417 470
59 921
352 141
813 16
31 471
875 731
430 544
497 529
280 969
637 317
711 986
840 1
471 125
849 341
655 563
897 255
256 225
475 919
447 69
945 715
380 40
825 909
797 463
820 912
453 965
384 756
868 932
593 507
556 777
425 281
717 794
76 102
265 305
415 771
389 912
677 333
566 752
442 798
792 685
813 893
522 634
801 417
773 843
245 252
563 155
856 399
53 709
69 319
16 325
786 345
961 965
945 504
405 334
605 191
3 383
386 365
563 855
328 164
918 247
443 213
837 493
604 488
461 969
758 609
996 578
306 758
788 342
98 884
243 222
524 463
750 659
609 721
685 860
962 483
618 257
973 33
629 655
251 985
225 970
29 250
271 173
333 676
467 654
621 273
109 61
826 551
26 659
812 534
948 246
731 750
74 679
332 371
463 920
654 51
857 933
269 239
804 612
619 943
799 675
999 856
549 25
934 973
754 713
634 403
710 36
244 190
11 759
306 297
783 777
700 249
889 176
250 634
732 778
568 859
515 308
24 761
614 290
175 799
180 619
399 395
242 796
168 711
719 850
638 902
200 248
608 213
917 187
594 472
663 939
405 919
105 189
107 859
806 717
347 232
972 733
167 957
333 405
522 156
533 508
388 845
962 374
542 106
618 756
941 615
512 9
768 163
860 601
627 382
99 313
996 9
9 1
726 374
802 350
894 936
172 714
947 756
587 685
414 667
838 638
160 113
236 164
476 731
517 91
759 24
805 464
844 314
701 159
597 94
175 40
71 139
862 146
244 589
541 615
857 818
993 306
331 439
294 569
672 361
914 490
842 152
791 193
443 63
136 901
823 336
55 202
461 687
214 873
50 966
970 695
776 836
310 47
176 15
485 27
508 364
367 27
443 507
733 918
883 57
242 915
673 843
929 289
327 526
534 600
774 75
557 345
836 272
603 39
640 43
587 922
933 762
398 335
656 950
333 266
623 153
630 655
925 503
798 895
498 941
569 198
548 977
221 971
963 602
359 637
8 193
658 7
49 516
611 138
302 193
491 248
71 508
438 513
311 269
11 593
410 110
456 736
684 952
866 951
813 732
649 651
407 655
488 657
451 551
755 629
12 204
533 926
58 382
888 449
390 337
620 904
491 580
71 832
832 664
742 447
638 252
124 610
571 37
737 285
721 752
965 485
370 369
651 90
506 913
21 302
367 172
604 841
768 77
876 998
627 24
989 641
129 901
719 552
371 726
392 369
696 671
440 93
433 948
679 127
368 719
458 577
905 6
852 657
63 490
393 250
863 371
720 3
402 120
646 287
579 840
65 210
791 615
498 544
959 957
890 302
265 641
839 411
131 360
758 361
50 360
956 772
723 627
248 593
778 848
838 352
531 376
734 401
19 588
349 173
782 811
72 750
178 23
969 352
625 454
74 68
224 441
611 823
482 993
874 431
429 166
122 328
69 207
620 191
18 639
629 391
832 87
562 64
714 391
73 21
391 255
718 502
167 596
665 234
847 22
794 398
245 672
49 125
72 170
141 549
932 304
291 392
413 869
567 4
258 626
765 139
34 237
163 979
954 42
186 400
559 849
135 297
232 334
158 90
241 384
868 891
264 713
483 479
446 209
86 808
81 488
65 995
551 199
950 752
627 357
60 802
816 756
622 168
4 809
117 928
834 968
433 801
624 572
753 152
181 863
956 603
441 627
351 144
411 71
284 207
268 708
680 683
184 442
57 684
64 144
396 247
495 667
649 993
444 235
467 186
568 655
988 488
623 875
884 681
499 717
602 946
586 31
330 337
918 438
904 512
724 129
943 993
505 717
115 906
793 776
124 964
654 543
569 817
633 186
889 800
361 415
287 931
63 904
923 699
28 989
983 875
676 849
146 836
955 266
51 961
567 409
546 148
87 116
34 96
744 261
262 912
820 986
220 522
829 916
102 546
506 683
358 952
86 935
833 450
171 231
134 489
150 916
851 777
946 803
194 28
782 389
759 324
397 665
74 998
316 559
959 791
355 19
378 336
18 225
186 859
705 825
299 712
564 116
677 435
633 591
764 371
351 773
563 165
305 629
948 489
120 596
62 603
959 683
913 7
783 590
315 154
278 2
70 224
273 386
3 297
921 302
231 951
141 395
344 553
932 106
872 875
943 618
325 335
219 964
908 322
214 729
585 475
73 271
96 248
559 555
963 338
121 539
612 587
600 679
766 244
305 509
72 448
261 282
731 252
950 414
258 860
295 111
705 586
795 712
631 460
449 308
488 462
610 713
220 925
649 387
831 111
907 599
367 591
192 577
450 777
14 190
821 822
90 288
436 340
846 667
892 365
463 930
654 121
587 438
550 62
640 519
633 724
248 566
31 639
123 758
711 9
17 37
667 111
409 403
616 533
65 305
314 528
800 443
452 742
115 548
64 486
689 981
880 888
903 494
926 533
197 199
153 33
483 998
997 608
637 729
750 808
533 782
992 96
876 690
516 867
295 348
440 657
760 986
850 932
940 38
640 234
181 134
54 188
347 162
958 966
462 657
764 785
319 8
72 331
492 556
533 450
694 895
664 446
712 394
802 276
772 684
954 587
605 983
531 44
282 594
950 849
913 173
306 78
435 270
36 827
681 443
678 472
473 737
210 788
671 673
378 558
182 406
719 181
975 95
585 177
659 918
456 507
737 94
901 829
59 54
278 788
444 516
15 931
896 467
107 706
898 353
370 432
349 641
245 592
817 119
33 704
141 693
146 865
441 363
542 963
980 660
90 898
816 56
615 392
48 402
507 343
401 710
825 830
350 739
811 895
774 129
760 869
834 692
781 923
216 707
142 751
732 283
536 54
384 803
363 773
683 470
132 336
540 629
722 624
685 636
579 9
694 714
459 135
39 387
302 723
48 990
221 897
186 836
207 722
887 76
216 319
702 35
109 861
494 745
321 885
360 653
948 278
293 231
316 72
390 835
482 160
288 489
87 987
770 933
258 241
207 278
984 465
737 815
495 523
596 230
467 42
377 168
568 639
658 897
439 464
409 101
766 285
14 972
434 752
595 407
300 777
173 21
694 473
71 890
846 260
689 255
908 351
866 561
336 716
940 968
82 480
582 413
68 19
234 295
439 916
333 177
524 286
907 110
711 924
586 547
699 768
388 553
501 928
475 977
369 374
890 816
906 61
800 552
447 159
553 800
509 690
20 163
901 358
276 789
582 857
460 105
868 126
854 441
748 724
319 806
967 890
275 196
337 515
856 525
639 770
360 956
869 741
249 484
235 713
401 127
477 652
126 653
624 775
790 610
575 676
504 901
914 198
19 534
563 213
911 535
715 446
745 823
800 400
325 155
309 774
71 427
735 832
629 461
27 769
357 522
917 680
580 534
979 99
301 51
430 809
287 96
690 421
895 364
966 713
272 485
516 648
629 769
295 443
998 254
945 962
431 843
638 81
401 876
479 575
98 826
889 541
444 786
105 14
31 274
252 218
508 76
146 587
30 489
565 892
911 352
369 483
846 847
60 884
177 996
696 884
534 952
389 135
181 869
511 546
460 284
416 922
273 775
492 141
238 985
517 44
397 414
844 457
44 981
355 236
191 626
530 56
786 78
795 164
689 665
834 322
283 456
984 107
947 97
550 398
753 786
329 282
442 603
264 395
365 733
683 760
335 389
706 571
780 278
563 94
305 882
953 958
892 897
989 57
862 313
131 859
666 460
318 859
500 26
818 131
790 37
442 159
520 521
633 128
889 878
220 24
296 568
854 859
824 794
185 992
489 442
883 102
703 691
318 663
357 115
380 948
931 316
767 568
509 792
225 705
211 914
52 406
612 334
333 347
506 625
252 109
593 111
925 40
618 714
284 336
51 583
233 616
989 929
994 525
544 708
228 341
998 689
518 328
668 381
285 939
377 343
568 40
273 124
540 982
298 473
30 784
175 226
848 534
66 591
50 72
112 273
575 978
211 167
799 494
303 767
568 612
474 831
951 291
128 689
374 544
358 229
178 375
957 767
980 320
286 465
606 798
846 297
719 37
906 706
569 900
509 105
970 717
419 321
276 318
564 905
478 975
944 127
266 71
162 20
314 331
224 709
722 188
911 442
807 373
369 329
906 6
800 525
124 469
417 51
350 627
993 736
617 204
836 362
769 695
128 313
271 57
665 582
190 171
462 908
561 565
319 781
252 480
877 787
109 425
40 688
503 209
701 406
422 153
482 492
913 366
721 457
96 954
347 875
649 773
958 281
17 83
914 227
257 748
425 822
141 50
434 60
420 255
973 981
136 654
532 820
348 841
753 516
679 788
149 761
151 351
310 292
935 787
139 140
766 365
713 103
634 739
620 978
348 141
756 50
438 11
996 609
64 636
101 323
585 398
751 505
59 819
426 466
603 318
181 332
370 183
393 884
358 604
750 690
508 41
21 356
233 774
590 202
498 162
613 43
267 637
327 325
73 830
848 116
336 152
6 282
940 412
730 120
384 558
635 205
17 652
215 609
199 156
312 832
955 918
602 417
30 590
964 712
805 332
678 970
200 996
661 857
539 289
133 464
728 230
66 917
984 144
179 174
511 77
882 595
866 76
580 994
386 927
351 549
409 294
314 749
443 963
966 413
399 820
680 54
205 581
885 227
728 802
804 95
905 980
875 866
896 493
72 228
738 553
519 346
685 110
337 128
7 6
51 942
551 581
756 389
189 772
290 393
172 869
488 18
513 935
347 201
204 342
8 569
176 511
358 971
937 764
646 20
872 455
602 240
927 757
90 12
143 58
865 898
341 253
721 375
96 772
66 164
142 113
356 429
312 715
653 684
139 810
904 926
634 133
92 633
744 620
193 506
486 673
294 600
981 498
822 958
40 482
365 877
921 415
178 336
662 902
865 10
261 791
724 187
279 434
597 691
378 635
468 505
989 169
537 344
140 875
396 765
110 585
315 503
776 867
423 357
280 973
524 336
907 88
819 820
487 610
660 368
381 251
312 478
457 731
669 510
851 391
724 639
272 736
189 665
138 201
253 274
848 286
428 626
324 547
54 476
310 586
898 846
545 387
623 190
321 220
948 111
969 856
588 182
989 977
281 914
998 769
809 816
901 224
479 500
578 111
389 924
677 329
806 39
679 303
723 647
190 712
930 771
499 980
678 252
844 716
277 573
445 375
145 347
454 495
947 282
931 673
804 433
75 631
866 854
183 965
600 293
685 148
83 190
270 874
897 908
182 182
145 935
348 170
756 223
48 182
447 310
484 442
864 200
278 628
538 680
727 204
381 368
402 663
685 856
427 104
768 44
60 846
205 179
802 455
952 296
440 124
707 478
963 872
730 101
324 918
806 278
935 246
854 2
748 513
342 214
492 327
653 530
985 450
14 116
881 49
535 530
807 777
332 367
521 96
772 55
919 145
481 397
377 76
273 377
130 258
3 16
925 913
819 402
639 317
904 692
671 758
235 184
331 890
232 721
68 383
951 36
379 755
508 469
201 299
261 513
390 431
733 797
871 947
253 504
977 484
744 505
301 546
769 496
988 764
937 647
111 236
964 388
574 863
369 86
242 220
560 313
484 865
855 850
569 61
94 480
424 524
513 518
806 141
790 774
960 748
812 901
934 176
878 621
18 785
922 715
779 846
98 402
188 16
183 879
886 298
425 563
690 65
72 952
549 138
201 20
150 207
980 266
982 872
309 550
862 722
629 237
435 772
555 867
59 112
896 413
958 719
176 3
893 906
418 64
849 364
722 242
208 372
872 667
104 805
362 741
436 876
392 458
712 179
594 331
760 671
82 631
564 535
211 873
218 87
769 333
612 315
545 486
356 249
471 664
826 505
360 779
821 130
590 449
904 210
761 705
378 371
825 304
682 107
901 139
373 700
834 190
873 732
91 651
584 792
312 699
960 359
692 806
625 333
383 85
934 815
904 878
784 708
966 220
235 98
532 894
18 644
117 74
230 347
781 41
50 53
306 139
456 740
398 715
59 321
315 187
225 57
732 936
755 633
831 820
524 924
432 460
934 747
816 305
253 94
149 131
668 917
774 382
188 751
820 712
488 849
651 94
462 357
342 271
457 683
37 943
150 646
46 983
67 36
413 80
129 921
906 243
712 318
548 652
878 143
290 652
57 111
479 832
601 618
234 817
241 75
63 278
750 52
95 897
835 470
964 754
217 19
468 900
87 722
57 555
518 616
322 449
61 100
481 352
598 309
361 986
49 693
602 555
291 880
240 856
83 498
567 604
899 414
735 666
663 478
898 205
921 148
704 260
614 315
805 522
339 408
249 538
362 795
950 136
606 574
182 38
777 710
765 135
276 30
479 625
246 772
428 305
986 327
15 755
107 882
142 579
234 480
310 821
702 539
167 916
354 765
243 338
778 75
319 41
780 557
727 188
492 531
501 747
512 34
768 220
293 735
281 851
124 181
952 408
221 877
795 546
564 237
218 289
792 496
86 232
515 560
455 477
921 873
757 621
118 185
501 303
139 996
563 476
692 248
625 43
588 953
957 236
874 858
636 941
94 65
27 24
744 534
827 561
573 45
829 131
98 399
792 940
499 721
780 472
344 930
148 594
97 62
982 845
475 505
689 867
968 294
36 286
149 985
940 820
559 674
873 367
672 782
340 628
271 554
612 972
167 709
471 179
632 113
81 157
941 303
194 596
784 502
876 772
733 909
560 77
661 193
682 560
594 356
285 45
345 450
626 853
125 927
185 474
540 596
171 219
155 766
542 510
851 781
565 7
288 76
237 487
705 829
562 926
963 613
566 514
806 29
919 470
522 684
356 538
808 433
501 180
457 310
330 12
120 600
634 222
636 544
286 851
883 821
576 859
387 492
117 117
525 174
283 271
781 4
126 509
917 580
426 993
649 658
995 528
580 642
273 390
365 792
810 679
26 86
245 322
176 855
909 817
692 647
14 943
953 641
127 866
934 716
314 973
7 354
83 136
323 665
680 342
477 384
101 276
500 807
73 307
880 653
68 114
451 138
513 155
589 400
702 753
116 870
506 902
750 733
238 305
775 140
962 437
390 170
67 75
987 106
664 55
756 677
401 540
94 675
4 719
433 899
716 330
446 463
824 155
111 481
367 587
833 339
159 959
459 977
83 925
749 48
507 973
454 852
952 174
408 908
486 581
285 742
827 667
294 892
213 772
951 570
109 947
455 715
667 99
245 147
155 183
330 179
519 871
574 406
687 221
32 553
371 466
562 89
193 538
638 436
486 897
103 59
511 470
956 161
850 348
426 852
780 198
729 666
736 138
851 171
966 552
793 230
599 654
186 505
82 310
949 796
725 965
483 422
635 587
824 490
309 159
256 261
574 645
740 149
498 232
726 320
403 455
721 192
320 615
1000 393
527 390
949 464
338 887
630 398
556 549
134 727
805 258
777 289
498 684
339 656
786 433
878 699
311 590
576 997
320 35
269 86
783 492
255 445
905 598
891 685
787 598
24 854
411 442
625 586
992 947
23 777
980 220
943 968
576 417
991 956
334 337
230 422
103 172
177 42
269 538
421 943
188 942
172 491
340 593
704 436
139 67
824 825
492 991
254 778
715 788
849 282
353 587
655 748
413 785
876 801
272 703
717 355
115 497
703 720
523 54
890 937
765 119
825 834
848 365
760 873
287 526
271 917
642 523
713 742
402 951
171 254
669 147
985 294
565 34
450 939
9 120
673 449
929 959
786 864
548 903
659 18
311 799
276 706
668 348
728 495
156 104
1000 372
679 380
352 963
612 161
702 39
905 263
248 660
485 837
400 457
579 585
602 746
256 988
277 750
166 371
514 523
184 558
793 576
615 689
871 267
947 203
956 11
421 656
84 958
54 530
1 390
273 409
349 430
266 546
28 645
547 399
14 976
953 868
736 340
201 207
37 593
927 440
175 711
733 121
664 608
576 316
931 10
751 405
571 243
428 240
672 894
799 3
340 996
949 946
361 19
695 82
54 94
24 413
570 424
542 178
337 955
466 609
159 390
717 408
668 531
216 594
693 192
52 248
882 59
243 591
483 220
229 928
471 615
542 270
104 278
821 221
307 859
256 747
459 52
302 610
855 946
839 457
929 820
145 229
576 527
403 733
209 734
195 927
435 172
806 109
852 795
407 18
875 394
658 172
238 658
222 247
169 393
602 625
487 209
918 373
634 78
191 905
897 526
491 163
553 188
357 566
509 347
790 162
407 726
257 137
974 814
266 937
139 173
909 897
720 804
337 372
104 521
528 155
16 847
295 439
777 652
371 53
975 305
599 741
103 474
654 798
306 696
813 199
822 63
206 784
923 952
764 778
773 506
976 250
404 371
902 22
925 175
450 241
860 388
475 686
242 111
742 928
636 419
96 680
815 486
561 707
778 757
123 62
213 432
469 38
252 666
312 863
960 603
833 195
263 908
911 800
805 365
152 823
530 52
108 456
348 639
313 740
631 956
64 174
891 640
568 733
861 808
808 204
990 212
439 374
835 969
162 985
254 339
240 653
404 526
261 899
634 469
173 183
376 445
680 21
274 826
629 94
908 61
417 638
550 590
672 984
183 128
741 662
614 236
704 425
358 430
715 875
632 59
759 854
413 780
159 312
777 569
355 517
869 131
154 600
765 82
940 178
834 685
105 383
552 954
702 460
349 892
831 168
17 926
858 121
459 158
816 605
318 215
913 501
532 361
781 566
412 447
513 588
354 138
243 805
229 730
312 746
805 402
687 914
959 665
749 309
839 183
325 829
454 83
297 276
188 218
391 471
981 403
748 386
644 709
478 631
266 527
120 990
83 210
858 852
710 989
876 493
996 762
509 101
419 325
850 99
746 16
836 146
232 406
271 577
102 847
12 419
713 314
519 44
388 562
722 184
464 200
798 253
67 117
858 392
399 338
392 388
122 655
11 362
163 567
57 24
578 650
707 50
156 468
910 757
587 600
596 986
280 488
838 875
674 776
40 692
863 716
185 301
441 667
464 276
53 366
420 551
777 98
191 464
85 189
929 815
530 346
161 645
209 753
449 130
22 561
204 940
100 621
951 972
697 533
478 166
526 496
141 46
344 134
53 802
888 579
62 560
302 3
733 293
615 769
652 269
357 529
193 592
827 785
202 270
421 608
68 491
123 768
474 910
478 738
651 476
743 50
791 408
634 751
604 459
219 879
332 518
573 689
188 657
301 910
965 423
250 982
896 210
725 779
264 540
393 888
962 478
798 104
581 632
821 393
761 968
975 912
945 613
696 861
643 822
751 953
327 321
94 596
539 761
276 897
744 41
216 450
271 142
919 754
764 427
928 175
967 774
455 50
863 433
757 734
386 599
759 96
835 400
549 738
53 499
97 547
498 610
613 747
523 767
929 676
387 48
541 463
389 610
66 913
910 188
979 411
248 399
981 361
478 301
939 813
10 799
178 473
72 556
268 91
74 134
572 137
519 914
187 365
745 715
980 166
952 703
899 472
666 501
652 128
857 582
456 425
663 256
850 265
82 159
617 530
965 232
15 881
515 281
847 212
388 724
323 953
159 327
551 577
309 374
521 694
205 389
470 811
993 578
299 209
640 179
77 988
868 825
190 261
160 1000
199 457
381 422
879 155
773 266
630 791
678 697
406 988
703 94
498 853
226 728
726 149
786 790
470 471
290 585
954 544
901 103
285 962
458 310
492 25
916 971
577 197
247 769
715 115
60 292
978 995
544 121
943 99
9 738
583 56
936 499
735 909
666 644
576 778
80 697
154 336
947 149
89 701
211 142
446 875
732 564
988 430
921 355
499 651
49 360
692 758
434 802
328 289
581 218
966 268
537 348
41 621
352 133
956 385
776 871
54 916
951 158
497 521
538 801
819 824
395 256
81 219
7 247
837 676
397 791
217 555
821 303
413 188
233 928
696 567
608 259
557 438
781 962
472 518
626 155
739 584
665 621
167 211
506 749
618 582
948 107
701 397
496 154
920 716
138 521
378 146
424 342
539 463
730 350
22 554
84 343
361 846
900 443
169 439
296 191
639 436
240 972
420 192
443 801
279 159
117 43
652 362
525 244
66 763
322 785
527 538
509 401
165 741
573 232
951 431
861 45
704 232
983 638
305 115
7 420
429 466
106 97
145 923
664 949
124 669
894 105
841 867
993 936
732 499
547 958
713 394
238 495
937 798
738 975
618 265
157 155
655 908
823 714
9 156
742 926
765 343
103 848
622 192
163 647
647 681
933 524
753 256
695 701
462 768
801 138
660 827
367 653
759 415
856 678
549 717
821 872
291 725
74 687
807 773
611 412
187 900
761 623
339 705
726 959
998 944
32 151
373 994
753 844
790 459
995 795
580 907
174 860
361 955
400 233
884 513
222 168
349 138
538 387
683 694
335 459
499 549
690 198
842 29
148 750
830 570
390 615
466 505
196 658
818 245
712 624
947 491
917 271
707 695
451 373
605 12
642 54
755 675
231 878
533 832
510 291
185 946
955 146
542 918
814 859
104 702
581 948
966 630
346 359
491 658
862 935
975 716
546 316
124 272
417 240
419 606
112 988
864 839
465 140
114 173
266 326
146 752
863 525
360 132
821 57
392 159
800 780
786 819
744 953
587 677
329 693
331 99
114 369
61 854
354 192
227 82
423 595
907 782
319 514
621 126
455 450
388 393
856 305
53 611
187 529
60 257
938 714
541 639
283 403
550 503
22 828
580 894
988 459
222 791
676 184
37 482
496 588
528 511
309 546
862 726
809 490
871 156
304 238
470 735
931 91
774 519
760 231
776 844
82 47
121 435
672 813
656 482
875 758
250 777
84 545
24 332
958 755
600 575
402 569
132 722
964 183
551 977
258 932
357 426
834 758
262 887
617 254
54 501
898 871
688 287
356 229
125 928
351 418
925 463
489 941
256 602
191 410
786 166
364 958
772 469
666 880
557 789
156 82
550 166
700 535
165 140
294 992
227 479
252 634
402 321
729 178
305 650
752 253
164 347
353 134
943 211
913 996
532 890
758 86
795 472
408 732
1000 778
433 191
110 897
361 685
912 43
785 307
822 546
847 405
395 212
837 496
106 10
987 399
862 605
742 439
779 443
447 281
486 369
34 366
306 715
36 416
292 522
721 744
278 621
873 437
195 193
603 716
474 264
845 775
238 464
632 283
337 897
376 601
604 833
452 470
180 329
966 856
445 635
327 379
4 686
744 211
209 344
986 48
345 168
762 539
317 274
621 292
199 210
240 144
293 490
496 234
136 43
138 665
657 895
147 685
246 53
230 910
827 696
368 131
792 805
227 328
709 564
356 684
476 441
95 321
923 250
395 901
911 597
738 55
724 6
874 407
922 33
631 593
779 616
64 473
230 458
412 771
774 685
866 706
248 21
504 127
158 646
552 461
116 20
999 499
824 845
127 692
701 613
775 930
978 42
814 828
210 192
376 808
339 412
16 905
897 48
936 586
756 75
258 586
348 342
599 687
401 814
509 837
573 796
668 868
594 493
414 232
15 767
642 919
474 415
829 791
294 386
497 790
485 317
33 404
962 363
980 992
837 953
821 36
53 74
60 826
69 932
929 963
696 818
952 412
705 676
961 338
389 217
587 696
38 240
227 57
914 59
476 712
351 152
878 602
666 586
887 280
652 553
585 538
306 109
52 633
677 74
59 431
331 386
481 497
227 757
451 713
250 318
199 651
257 896
946 44
201 99
286 420
657 304
175 595
733 453
899 271
793 784
767 186
841 60
456 30
917 383
774 536
914 835
125 87
508 321
279 836
67 450
475 953
438 303
862 823
371 888
161 138
968 230
592 690
924 529
836 293
195 439
329 969
621 714
570 888
916 364
782 397
159 822
385 797
548 934
364 859
553 596
668 163
571 936
243 799
8 46
725 431
386 887
925 558
549 962
473 919
505 38
839 889
622 635
862 42
348 692
4 472
447 800
573 190
732 961
840 418
662 111
23 931
427 602
157 621
249 756
362 957
645 900
650 574
64 559
447 740
214 721
968 469
571 16
573 610
119 684
859 797
695 179
241 614
349 627
206 996
298 886
81 14
775 136
284 677
180 374
39 141
422 287
410 907
848 455
901 323
403 62
578 752
564 387
433 903
234 710
649 395
942 768
190 101
100 227
462 974
252 294
492 373
609 867
722 706
542 361
182 983
804 598
218 519
737 541
843 56
361 993
748 251
621 131
757 835
900 336
14 706
731 892
662 702
701 924
459 529
191 942
987 883
272 124
899 425
283 668
841 154
89 605
608 763
864 341
679 986
421 550
24 651
137 876
766 431
918 848
745 336
46 655
710 662
768 649
362 800
452 162
272 568
385 255
885 404
906 779
915 571
186 389
686 462
543 451
513 20
324 267
626 951
642 944
77 109
794 631
944 168
907 316
146 678
533 458
646 91
708 800
46 843
104 36
489 622
950 749
892 52
251 932
161 412
954 595
887 243
209 488
843 873
91 972
806 383
368 343
623 410
826 760
104 480
434 305
791 751
867 93
32 252
770 550
207 405
781 358
654 204
359 382
502 211
640 874
677 85
202 55
559 81
725 185
70 6
847 330
593 863
153 890
946 9
948 719
791 147
837 177
505 312
989 22
871 86
269 534
504 495
257 103
24 278
499 52
393 615
432 203
533 155
879 281
932 648
613 350
470 849
825 838
401 702
66 290
68 852
54 259
116 632
983 386
660 999
842 974
699 587
722 616
946 820
512 214
844 219
330 593
288 37
184 246
350 807
223 63
186 844
564 153
792 612
77 550
778 539
764 352
801 490
912 537
674 600
951 856
56 287
939 548
616 439
60 238
83 695
2 339
221 349
576 884
410 60
50 103
202 442
760 384
838 103
54 534
681 296
349 426
741 888
118 745
176 672
602 810
383 735
849 719
611 568
828 440
390 647
25 46
922 292
244 422
832 682
281 212
818 469
237 747
456 110
186 91
133 560
543 101
197 953
771 614
333 169
8 806
478 914
372 433
506 879
759 904
512 485
180 659
971 696
696 753
901 366
617 145
873 831
753 337
919 670
77 791
116 707
699 708
247 24
178 513
489 832
74 638
865 857
166 38
355 107
339 622
530 189
913 323
507 804
311 748
631 39
133 328
246 451
421 461
575 684
264 264
144 814
734 455
365 608
863 225
900 381
616 546
53 771
39 880
272 17
491 167
2 166
334 755
631 619
783 710
426 893
287 104
183 11
93 905
395 59
72 156
496 812
44 226
427 746
120 136
436 596
219 844
461 903
975 317
929 477
654 994
57 266
147 392
366 892
580 210
211 529
430 749
785 802
77 72
868 853
958 979
674 506
342 340
150 879
81 414
323 361
489 625
590 297
726 313
32 277
364 666
518 469
557 625
562 861
119 128
142 969
52 79
725 352
838 961
70 607
296 424
386 566
551 373
869 914
429 517
431 203
415 566
87 693
161 563
350 25
244 516
615 535
1000 622
585 576
359 341
917 897
580 973
349 240
835 973
178 504
53 904
558 879
927 350
505 291
491 784
184 968
945 171
571 337
684 720
188 903
301 160
875 839
642 252
128 890
349 692
370 389
764 725
999 350
893 823
141 648
427 871
300 495
196 168
115 24
765 110
267 847
327 599
661 147
239 123
721 904
901 644
924 555
707 205
559 820
370 73
808 931
646 235
81 267
464 413
159 888
164 854
240 436
316 633
69 863
325 741
401 285
781 562
857 180
359 522
806 207
610 964
497 261
575 262
958 410
762 763
852 633
702 12
506 61
674 565
326 352
861 757
476 661
169 43
616 348
374 124
678 100
874 755
982 750
108 191
680 840
424 6
350 388
246 213
585 973
640 794
382 821
36 947
239 660
790 268
204 761
709 340
619 218
199 566
58 681
457 188
224 145
187 7
81 632
482 729
567 888
325 381
606 774
666 91
945 32
908 428
110 620
202 603
119 742
391 919
504 351
582 430
875 688
702 803
591 148
379 458
471 26
863 884
814 540
272 707
996 314
848 497
495 374
156 464
398 269
794 874
748 745
893 496
19 73
130 806
916 313
646 358
706 149
616 11
941 794
946 644
321 177
30 715
911 70
950 1000
740 404
99 484
703 224
523 582
145 252
200 865
915 496
4 49
96 946
668 200
903 980
377 484
213 854
386 768
840 859
434 52
224 480
597 929
823 419
491 186
689 955
502 478
13 449
417 728
509 434
255 178
315 249
575 847
444 451
61 469
121 186
656 219
605 152
589 819
614 334
79 241
374 951
819 550
941 7
618 148
620 970
219 867
871 859
124 700
675 52
396 531
797 761
428 380
603 310
324 317
785 837
845 205
612 552
8 950
870 352
928 743
674 471
967 702
669 336
501 856
618 360
270 389
385 625
378 388
811 112
449 471
412 221
933 557
481 998
462 867
123 41
711 360
363 518
289 511
824 116
492 162
40 547
900 201
169 833
42 209
939 357
579 778
28 28
268 531
869 637
493 665
1000 627
412 641
442 588
866 68
792 799
829 48
465 869
815 13
342 689
439 361
328 442
953 937
685 418
888 722
687 180
196 753
272 161
823 308
793 833
359 244
610 274
594 879
850 261
405 508
875 858
54 797
384 265
497 656
764 690
824 775
953 613
699 89
58 67
388 720
685 102
941 508
194 515
450 441
837 315
604 90
113 593
537 23
348 280
629 953
392 610
698 2
935 448
997 135
983 468
132 386
42 256
595 724
526 598
678 701
226 724
761 857
83 837
78 621
265 432
518 357
424 751
368 444
658 491
734 646
602 316
127 379
23 428
726 853
913 72
516 243
64 210
984 483
179 771
684 796
993 363
232 995
965 773
257 974
900 624
118 679
729 450
639 67
676 223
291 187
934 659
286 482
180 865
576 458
477 333
417 482
788 727
555 836
20 697
202 548
774 486
442 23
737 185
732 116
497 525
423 285
854 963
584 163
312 486
388 603
941 369
745 112
399 325
203 588
438 277
115 392
445 519
267 991
161 176
380 60
488 389
398 310
755 329
61 584
116 661
40 733
298 29
902 785
90 411
164 678
973 484
521 227
920 720
69 751
772 436
131 452
80 492
117 755
412 299
308 756
716 217
700 566
38 437
40 793
247 918
805 110
502 499
970 897
151 306
889 55
847 106
923 394
572 915
775 782
528 73
747 351
839 647
606 662
242 669
608 86
20 972
737 310
440 712
564 769
340 829
626 582
988 865
870 325
319 193
727 196
432 811
492 763
238 499
609 749
402 655
21 343
964 281
217 692
489 703
860 474
800 629
320 554
753 260
755 466
596 854
8 471
905 47
688 425
40 584
476 852
19 185
425 242
247 167
104 335
503 345
14 124
973 537
523 726
221 697
783 345
640 985
112 72
700 329
672 490
107 207
490 733
257 532
538 399
79 813
549 13
953 908
127 17
844 639
466 501
710 16
2 115
666 410
387 663
562 27
767 214
624 288
864 287
202 666
580 587
598 788
370 635
944 310
690 262
893 781
328 91
902 371
542 922
210 163
413 862
76 568
438 435
385 293
920 174
585 262
200 228
954 981
656 567
474 126
919 954
997 98
342 441
289 35
146 748
540 572
512 5
256 451
590 322
221 842
592 98
299 692
587 345
234 899
843 819
352 886
612 252
17 276
386 707
632 897
288 400
350 434
689 708
834 487
767 263
377 225
642 325
552 219
40 15
222 795
796 990
692 543
141 303
418 660
814 46
724 168
634 298
763 642
620 777
537 331
295 591
576 495
131 758
392 950
894 203
253 193
179 738
619 336
451 226
107 644
241 650
974 210
729 929
863 830
510 466
21 429
902 494
812 104
81 242
985 932
360 439
205 17
281 577
689 332
855 443
659 404
772 925
4 551
806 628
665 660
333 318
213 344
593 394
773 134
388 164
180 6
994 750
846 631
392 14
569 210
493 858
313 524
769 769
700 531
278 505
522 587
351 866
28 263
911 716
678 201
362 472
606 127
848 691
101 893
343 912
331 732
903 594
465 610
158 543
582 23
875 27
628 753
476 102
651 394
434 686
325 296
991 871
666 244
297 783
945 907
525 655
737 297
979 724
453 517
591 291
335 737
817 290
907 416
86 681
773 439
94 646
864 609
850 588
617 367
933 531
591 871
333 691
660 812
132 133
192 696
330 794
574 121
680 556
493 719
133 398
691 428
882 513
437 824
813 897
213 801
365 550
494 826
305 827
14 733
383 454
535 453
362 335
823 462
80 952
541 837
638 475
50 160
654 412
269 642
827 888
760 325
776 554
248 25
709 116
430 879
31 152
72 214
932 292
715 956
275 539
953 563
805 562
443 337
837 353
945 768
712 21
57 320
149 272
594 489
744 390
105 204
370 24
446 221
12 703
547 818
517 918
902 208
798 897
581 543
99 264
318 106
622 180
548 831
299 331
566 399
587 700
716 24
123 508
914 55
826 667
95 114
886 795
782 70
360 617
166 283
459 879
957 228
32 795
341 271
221 297
403 932
728 131
1000 936
433 281
783 457
986 711
126 638
619 811
469 540
914 507
476 264
3 168
706 633
321 541
268 60
330 325
233 406
415 76
989 119
438 231
2 995
885 134
922 176
975 4
871 119
50 983
456 2
119 855
665 67
870 4
928 795
508 349
219 3
348 421
885 762
341 540
518 194
391 552
591 569
824 280
199 368
879 242
501 632
590 498
523 535
890 392
696 65
94 376
576 663
772 510
96 993
795 951
647 942
652 788
320 469
449 247
730 352
843 899
442 872
942 565
815 297
526 39
178 241
731 999
611 157
459 664
482 859
597 978
106 607
809 162
357 686
11 544
306 156
456 753
753 589
573 186
905 736
130 1
884 768
176 847
139 341
547 336
600 375
178 309
766 292
12 221
872 855
927 389
749 827
2 886
991 770
25 15
392 774
366 912
730 639
910 891
695 143
988 955
54 61
681 965
354 859
462 278
870 435
916 191
669 385
872 275
724 732
233 863
219 412
152 467
9 334
122 705
945 554
15 465
679 78
114 428
995 269
651 745
377 614
893 438
381 642
263 884
30 513
948 12
934 491
32 101
251 363
899 977
41 505
479 299
652 655
421 494
520 105
942 704
981 166
732 748
236 419
563 58
946 142
766 535
74 85
277 400
867 400
466 299
581 418
710 206
966 100
491 132
64 498
527 701
714 404
112 462
107 325
462 33
923 593
957 946
814 805
618 234
339 391
346 425
55 451
422 962
385 243
228 949
11 153
124 742
140 579
721 892
557 142
640 230
589 317
100 478
877 514
328 705
517 945
738 916
411 522
466 691
911 329
694 843
551 214
302 848
468 568
394 423
311 898
221 768
170 78
43 980
216 384
677 541
243 701
750 172
808 595
660 668
494 622
701 361
378 126
878 579
80 524
541 433
834 445
435 282
995 882
912 366
469 519
326 144
176 553
28 522
828 33
701 813
184 999
991 932
408 475
546 705
34 429
89 814
698 900
22 330
760 181
188 934
543 252
859 699
589 622
988 93
388 682
724 566
300 462
964 101
971 771
733 928
422 633
906 954
267 876
177 750
110 316
366 170
299 31
29 938
142 763
919 769
958 889
778 451
342 2
863 676
599 351
32 463
138 580
311 791
809 649
4 941
668 340
433 685
331 202
792 616
522 689
354 169
160 466
584 970
238 527
810 372
683 910
632 982
148 918
754 537
943 33
212 29
175 139
892 655
258 197
779 941
373 14
357 649
675 620
970 80
474 998
379 943
535 206
427 629
279 524
270 989
71 878
645 939
103 345
276 485
315 329
564 880
430 618
513 182
324 425
91 430
349 618
870 404
229 20
102 866
319 150
842 701
418 165
21 504
962 422
120 445
590 166
369 354
168 979
447 131
548 638
938 350
977 252
797 393
502 689
359 792
859 240
561 590
916 728
683 191
351 453
796 374
284 2
397 285
763 122
191 509
998 967
795 807
578 173
961 83
216 150
36 641
626 353
739 66
460 545
338 601
630 232
26 266
895 220
173 314
770 780
537 559
260 766
675 665
857 734
45 913
70 364
365 928
130 177
794 88
796 766
374 918
893 702
263 124
159 191
422 935
975 313
841 829
6 177
559 943
29 880
107 932
771 727
628 194
393 925
941 556
835 57
742 600
260 489
513 719
218 383
649 31
522 791
460 272
778 765
462 834
930 528
169 162
208 712
374 229
53 464
611 474
496 83
353 446
888 821
558 695
505 235
938 793
500 426
917 909
465 838
467 144
732 668
658 795
24 835
439 334
3 82
499 739
667 235
540 283
616 657
526 290
88 330
157 810
286 598
657 354
463 410
124 914
555 808
336 610
188 899
617 759
391 30
15 850
137 992
902 313
376 897
505 867
768 829
876 822
881 996
76 578
498 428
650 305
392 513
615 411
124 342
548 464
841 682
698 37
495 489
834 677
172 828
393 10
787 342
937 709
480 892
639 1000
588 346
256 397
590 440
574 797
189 481
394 567
721 328
27 379
887 127
691 656
29 265
910 434
269 282
22 690
423 529
762 775
709 796
801 449
213 205
967 84
787 786
425 949
5 689
745 985
136 271
516 210
883 839
631 777
373 41
27 935
1000 989
179 864
382 825
917 530
211 179
771 181
681 311
351 759
819 673
957 755
427 520
279 491
249 710
180 832
325 377
719 41
334 457
984 574
292 965
760 37
889 903
211 751
324 438
607 885
711 943
432 863
833 805
76 501
191 4
952 324
924 954
52 237
414 908
933 676
384 687
702 355
481 877
863 308
683 82
540 761
208 882
985 350
256 536
687 747
869 756
913 346
200 869
57 988
576 572
502 22
852 776
317 131
529 283
303 976
199 867
630 141
614 774
118 81
579 705
948 394
62 568
18 706
11 663
871 403
781 103
336 780
903 404
582 93
785 509
183 34
644 560
743 42
448 521
729 680
215 397
42 837
867 790
558 389
542 526
334 84
11 83
292 584
262 96
949 810
271 722
243 139
831 266
725 787
63 156
561 786
381 297
863 997
826 150
556 19
722 295
272 946
203 998
975 920
982 140
290 714
57 173
534 937
539 753
661 425
6 278
947 596
702 238
317 340
817 820
199 144
833 254
565 303
346 631
44 998
316 771
445 97
108 477
936 368
274 267
645 296
27 65
322 543
285 649
22 836
444 46
183 755
743 283
72 596
715 314
314 753
171 792
120 832
468 378
452 775
55 170
433 118
456 465
993 158
225 244
707 664
338 45
598 823
642 21
77 400
921 90
381 122
699 93
759 837
261 618
7 122
46 740
927 165
717 337
332 945
996 408
525 586
50 682
751 150
428 499
121 775
142 513
513 947
785 950
38 630
741 61
773 370
360 231
413 355
865 926
203 787
78 625
869 298
468 661
899 565
82 799
398 235
536 904
442 923
621 91
70 739
506 34
623 509
632 928
669 741
240 73
574 162
978 987
429 913
16 314
786 466
198 214
537 1000
493 522
170 575
640 819
573 107
352 337
762 164
430 116
128 674
861 848
734 198
280 541
614 552
162 577
948 864
694 483
991 979
463 266
50 925
20 837
241 683
257 398
831 620
817 214
305 442
720 551
37 963
837 684
323 42
719 648
431 592
161 180
253 294
366 127
301 752
513 776
128 298
61 580
206 535
891 285
838 772
621 652
593 491
939 131
796 264
118 398
708 972
948 115
459 102
751 735
424 350
29 441
13 788
624 749
956 676
829 402
273 248
921 692
335 334
909 427
305 687
141 1
487 131
143 599
97 845
279 151
205 991
841 303
165 749
6 675
723 207
158 638
128 573
19 936
743 1
563 679
983 630
819 721
510 188
480 511
7 412
814 980
719 985
258 722
484 430
871 818
214 531
202 983
449 898
746 168
29 646
603 289
271 761
584 82
379 446
492 759
863 896
773 424
21 339
441 87
180 308
219 454
627 453
113 895
719 541
371 643
802 475
200 569
608 406
760 593
389 177
15 11
241 108
635 828
490 773
363 529
381 840
492 187
706 1
282 521
639 749
602 478
929 663
507 911
878 754
809 937
244 714
502 134
587 108
165 990
723 540
248 636
852 888
930 938
847 647
810 404
425 690
245 81
600 64
72 569
261 945
62 648
157 864
528 380
952 684
205 596
758 768
908 111
818 237
36 178
202 646
790 15
174 288
31 121
54 778
702 998
139 8
432 30
254 221
291 341
314 30
261 629
733 785
92 159
650 359
297 981
832 590
101 199
11 163
929 420
410 668
765 160
530 977
924 761
488 35
287 583
497 811
416 319
812 309
480 950
134 329
962 326
217 773
994 599
226 717
869 309
69 897
555 106
313 395
52 992
352 778
238 958
153 760
614 961
192 786
247 820
715 78
143 745
148 965
39 520
777 359
106 715
394 945
87 796
145 509
454 1
2 414
477 928
631 835
984 12
649 526
326 222
273 482
900 665
577 316
524 797
870 923
944 537
653 127
374 714
448 840
49 379
141 299
510 26
572 113
457 238
611 973
745 579
482 555
466 100
413 619
710 899
645 892
887 825
410 431
193 853
908 482
827 18
721 619
663 648
866 628
426 665
449 808
232 584
515 401
935 520
370 490
831 587
506 794
379 536
111 961
148 189
745 159
927 821
793 305
78 293
777 916
115 435
507 301
306 912
788 124
493 274
225 800
926 134
472 563
271 983
988 587
213 356
990 612
259 516
925 455
858 26
489 917
473 56
521 202
938 997
463 514
299 549
246 438
716 178
421 26
442 779
188 379
575 377
815 206
674 666
252 626
930 752
614 892
796 233
374 389
503 547
969 747
87 913
295 952
80 833
202 508
149 723
956 197
495 593
130 224
102 236
28 711
277 224
634 701
196 496
92 33
461 980
470 610
864 57
112 830
702 664
612 542
524 468
879 480
556 69
685 871
521 443
152 306
447 197
765 330
161 36
569 423
661 383
117 811
412 147
472 958
368 767
958 162
354 446
997 408
817 738
416 69
42 3
464 689
946 621
964 742
604 669
678 956
473 133
588 58
701 501
369 884
959 941
302 416
982 262
288 254
924 395
433 608
880 471
22 914
204 529
799 702
672 451
469 403
416 513
236 386
499 592
944 963
805 250
291 892
791 59
648 315
187 319
904 645
157 923
710 41
16 453
71 609
163 391
435 682
633 61
262 457
335 818
780 157
434 545
510 268
383 518
699 23
941 430
210 184
233 105
438 424
392 592
299 131
820 551
158 74
582 578
919 941
497 782
102 679
547 822
215 924
824 401
494 205
632 430
247 495
985 642
890 513
85 353
864 752
938 155
647 561
652 925
947 747
324 810
181 687
421 240
748 901
674 992
236 177
455 465
826 679
902 528
653 662
14 496
397 472
588 941
611 20
136 350
726 807
122 43
530 114
675 896
89 339
792 952
45 648
852 232
232 913
303 816
54 638
951 740
884 697
247 663
729 396
487 388
418 653
328 275
457 241
874 258
491 990
55 241
408 314
818 381
585 94
202 534
721 526
495 879
594 788
119 851
617 717
232 621
68 243
582 381
642 190
497 639
870 56
533 184
736 60
646 873
722 3
987 237
733 897
719 722
869 193
673 958
659 639
396 879
375 777
513 966
769 380
54 486
536 97
591 517
333 277
462 587
377 989
358 936
289 151
660 898
185 486
298 79
595 687
833 466
881 494
475 637
514 958
290 938
652 784
873 723
421 101
792 583
423 731
522 592
340 139
455 330
388 257
35 588
127 210
904 895
749 755
71 267
18 661
518 846
89 728
165 723
774 835
520 830
197 66
681 269
900 553
487 313
120 32
219 980
332 717
205 345
666 157
297 790
85 899
447 748
304 118
366 916
202 925
301 855
183 343
524 305
346 98
272 769
76 319
60 916
115 291
419 835
940 487
209 363
359 825
414 970
15 477
220 877
981 878
303 342
623 281
185 371
593 286
397 318
740 426
763 27
325 556
622 850
290 801
991 123
647 799
304 793
984 203
52 795
255 316
829 509
45 558
144 769
252 994
937 68
494 803
409 355
639 363
865 314
316 502
784 832
168 165
477 165
267 299
527 697
253 926
970 998
456 352
737 977
723 162
278 937
15 814
909 986
37 751
104 592
284 844
874 124
233 140
710 654
106 386
641 437
399 429
498 344
885 412
85 776
772 856
6 144
730 718
324 371
458 781
898 574
974 461
42 351
263 545
985 677
78 544
890 746
800 734
290 752
207 857
562 888
527 394
294 91
377 759
319 764
215 575
808 599
471 913
365 366
757 668
847 798
796 40
104 488
436 431
445 423
583 897
108 39
92 956
493 603
781 158
527 846
481 492
248 465
598 433
130 419
653 53
434 877
58 705
664 737
2 24
816 492
818 342
179 688
488 924
107 690
810 901
997 773
125 74
111 907
376 928
46 546
784 391
106 265
989 466
862 832
816 40
48 386
673 913
518 219
262 933
1000 164
656 592
843 606
919 797
462 620
907 673
266 315
621 733
824 257
215 780
775 494
872 13
639 905
964 549
858 32
678 767
240 471
765 591
320 462
691 753
910 397
181 735
511 888
536 962
866 345
748 789
757 993
143 516
420 159
60 230
544 187
883 804
576 844
4 493
408 750
334 620
101 815
562 307
447 823
433 365
322 728
456 730
451 577
109 657
130 54
810 692
923 511
10 576
231 898
572 990
595 423
957 532
353 784
249 743
413 566
286 316
159 54
362 78
966 322
491 622
537 482
560 909
447 715
140 801
380 702
382 276
135 94
444 687
232 509
206 913
319 146
727 369
893 105
395 322
713 451
150 744
980 815
897 309
823 691
807 270
309 57
521 609
205 248
742 801
726 442
599 936
103 793
894 764
968 894
772 566
29 59
472 968
859 244
384 654
460 153
63 460
160 165
616 110
542 378
959 919
145 209
274 503
682 8
668 43
456 905
866 236
596 453
354 56
999 793
563 37
895 216
383 52
994 251
913 903
883 689
645 600
283 651
239 570
774 723
317 616
504 81
732 841
144 482
474 617
988 227
296 701
524 125
409 962
625 872
81 970
279 669
175 860
2 738
719 915
168 518
996 564
124 735
223 645
760 975
979 687
580 218
183 455
665 380
944 133
485 235
208 128
155 907
962 313
856 812
708 821
526 686
475 698
369 403
461 451
228 466
191 174
48 680
470 115
4 835
705 714
562 853
209 507
670 280
412 56
843 836
958 23
467 600
674 950
584 552
144 725
146 127
916 623
26 729
208 716
291 663
166 213
943 391
982 363
182 863
493 630
57 650
230 619
460 720
889 450
174 930
598 426
257 598
169 354
153 869
351 526
88 334
72 627
14 634
330 311
775 637
710 82
452 870
71 524
719 160
27 618
931 912
442 175
520 569
188 927
301 152
158 803
3 530
245 587
201 493
699 122
759 810
337 221
798 354
194 638
51 923
807 496
115 480
78 148
968 216
954 919
774 138
133 786
426 300
389 440
603 484
234 513
197 667
370 65
522 66
379 245
789 680
26 1000
5 249
858 77
821 71
678 720
807 52
590 444
998 673
364 773
682 174
631 193
640 726
331 37
22 694
649 136
942 519
123 327
584 979
748 818
363 340
517 385
222 409
729 107
360 642
53 673
457 360
496 450
459 726
44 824
279 35
876 29
325 801
514 568
770 942
553 454
883 843
862 88
532 689
652 398
435 398
550 309
442 510
956 116
709 348
838 112
732 531
951 307
808 35
628 684
183 933
757 64
893 512
231 921
865 39
747 199
768 576
966 359
244 75
984 514
654 640
721 689
993 820
520 676
693 571
785 704
988 969
409 724
907 117
983 198
556 148
941 334
980 788
90 770
205 211
228 180
998 400
548 583
848 489
121 941
285 204
345 353
128 265
481 865
958 205
61 613
280 500
483 175
416 244
750 115
713 866
427 404
30 563
143 496
203 173
277 942
173 781
853 219
182 997
454 894
518 695
43 725
373 838
502 106
873 646
947 907
587 400
456 878
933 228
610 851
882 716
776 33
338 622
778 915
504 634
529 287
623 679
79 645
840 835
141 34
934 865
918 378
23 66
558 973
466 349
46 161
726 519
581 468
452 664
987 773
348 857
652 257
679 772
649 753
905 863
709 449
68 479
361 339
552 4
755 575
918 166
519 721
516 645
281 332
267 161
177 291
225 575
119 627
543 509
375 997
873 123
439 532
370 167
741 436
243 143
508 57
660 174
111 140
856 849
307 539
473 263
272 950
493 77
721 234
117 993
631 363
405 759
656 859
234 891
218 356
591 805
778 706
928 187
750 254
570 608
990 681
259 715
796 482
526 783
397 361
950 895
97 575
648 185
443 535
62 367
528 927
94 156
334 943
670 761
933 105
317 788
974 750
847 356
102 485
164 8
74 138
634 450
505 270
207 27
689 808
463 397
712 663
177 28
214 781
165 563
22 388
315 394
559 743
905 964
529 976
474 537
831 743
229 337
28 924
139 41
305 257
492 901
404 179
337 240
450 433
710 563
989 488
55 362
205 441
498 389
585 299
564 631
488 2
347 217
167 82
206 652
372 700
47 648
711 657
381 442
937 748
169 634
367 891
42 264
556 898
669 189
856 988
180 414
74 953
881 319
332 113
959 212
783 75
882 818
61 911
506 46
930 668
471 892
298 466
388 336
74 381
627 875
279 30
892 605
161 955
645 409
562 361
728 65
984 491
827 631
956 81
672 664
799 485
123 998
757 107
577 285
266 540
249 813
489 254
641 745
309 523
295 616
500 922
463 278
562 173
698 861
864 77
315 263
559 616
158 947
3 674
423 277
651 254
335 633
893 959
141 784
646 823
768 929
860 351
793 274
189 681
650 397
228 145
341 990
569 315
34 950
594 286
647 296
564 506
301 748
582 775
384 728
898 862
702 328
423 857
704 913
169 999
540 658
65 822
445 195
138 573
913 369
161 756
237 417
4 70
156 905
435 66
218 638
511 983
956 672
204 957
813 873
522 534
317 122
674 701
584 803
326 488
847 574
960 338
886 208
669 630
588 874
918 351
814 284
606 66
532 801
936 106
809 252
205 987
454 479
672 531
257 851
651 431
710 857
881 857
894 405
931 237
534 346
285 312
529 698
197 604
854 598
773 404
171 462
270 438
392 256
800 653
507 71
94 613
424 625
797 80
564 333
29 198
693 111
158 506
458 400
437 673
114 494
423 978
462 780
928 144
416 100
835 419
800 73
145 132
751 620
94 161
230 929
700 321
790 455
190 615
799 671
340 80
494 985
102 510
653 966
692 924
418 537
127 25
120 809
567 945
862 343
205 592
758 772
64 304
684 514
384 294
974 847
713 231
279 744
581 952
323 968
832 578
906 969
101 195
871 931
341 692
638 954
486 391
34 28
440 347
112 968
96 461
889 640
963 137
587 789
102 582
485 326
983 459
273 606
630 772
775 447
962 322
782 489
360 240
371 528
906 269
530 401
622 91
57 801
961 267
320 445
66 81
126 961
619 704
568 2
563 265
946 387
653 695
572 457
32 830
313 843
781 164
714 153
435 344
114 809
98 418
995 688
568 702
116 258
478 425
79 958
690 113
432 321
729 493
895 56
383 276
150 223
171 940
62 827
173 214
339 146
512 992
233 379
461 859
375 682
391 65
626 676
24 344
439 853
393 677
932 714
662 311
849 348
918 941
450 289
272 757
205 9
115 439
281 585
48 332
124 447
811 169
372 812
983 348
697 51
623 181
268 970
434 478
53 312
950 574
240 273
920 765
85 151
786 154
493 850
645 85
156 934
873 716
181 533
679 314
882 642
669 657
448 27
526 10
72 663
44 741
726 733
286 702
749 724
507 681
182 639
629 270
207 216
527 533
608 519
550 670
218 991
435 549
649 703
559 420
672 520
709 503
914 589
384 448
40 354
847 409
35 169
275 918
21 134
46 299
106 126
604 273
270 927
64 518
998 57
253 110
698 205
456 208
684 488
686 362
926 437
340 802
15 638
972 563
974 417
300 263
708 132
565 829
971 634
256 357
55 623
25 552
200 514
864 633
209 340
582 919
15 50
843 661
845 383
997 388
381 703
169 887
388 23
950 949
830 207
191 563
530 251
87 738
424 466
283 9
50 276
624 881
435 242
598 325
822 841
780 341
946 173
678 380
588 762
558 806
157 919
212 230
378 714
92 332
883 619
562 108
638 451
214 987
331 833
336 949
852 293
451 388
234 28
453 318
439 255
379 742
750 987
720 730
150 481
182 54
590 947
332 615
885 637
85 809
525 572
341 671
675 147
931 381
472 721
806 714
423 30
831 365
824 405
708 783
512 50
413 437
740 184
48 626
952 424
94 501
20 504
308 435
829 751
204 252
243 670
174 540
144 543
1 954
40 960
630 485
28 161
284 219
565 326
420 779
277 654
23 382
387 83
463 228
389 641
787 643
26 211
743 322
729 400
233 414
823 347
71 726
560 561
931 938
73 438
543 217
859 668
626 641
695 50
741 720
831 594
907 2
932 727
805 687
992 426
367 18
542 786
941 287
120 341
413 198
989 563
613 359
560 125
445 725
103 645
622 399
350 690
617 13
582 829
181 124
160 841
125 943
623 144
609 994
902 839
759 336
55 885
920 738
189 291
597 422
786 183
412 501
550 183
695 954
437 934
460 457
317 48
100 928
621 2
160 501
183 555
916 948
238 562
625 336
438 526
295 915
387 476
260 598
410 103
253 517
179 862
550 371
315 174
559 387
942 505
693 957
488 682
287 204
914 614
222 915
266 969
999 73
549 266
865 109
46 268
641 316
680 326
880 701
239 138
663 756
43 407
405 228
479 667
940 927
121 559
430 649
15 613
347 61
24 456
409 658
231 615
312 323
510 554
323 197
90 248
332 141
650 102
124 47
364 638
163 765
592 793
578 708
119 228
29 28
603 187
114 420
497 52
111 497
5 420
118 471
655 30
911 896
551 409
881 31
613 672
890 295
69 642
221 583
43 543
299 937
230 927
781 485
933 186
377 426
531 371
697 607
863 206
593 990
247 565
639 279
895 249
60 24
67 812
46 223
302 69
191 978
272 104
885 36
652 203
546 834
818 223
440 873
956 177
603 908
324 187
607 632
462 41
828 746
166 961
872 970
210 209
641 393
138 389
357 31
569 607
417 218
592 584
573 779
301 968
68 981
439 606
997 80
854 699
842 847
630 978
46 855
74 840
436 119
869 487
786 989
200 658
848 46
27 451
686 918
472 818
329 751
610 616
437 764
748 926
289 445
199 86
476 761
365 362
321 972
549 684
731 537
948 159
994 493
978 806
498 732
251 508
182 830
772 220
299 802
456 595
993 284
919 12
481 480
531 508
296 971
939 867
245 488
805 886
733 500
348 918
357 960
585 165
89 822
988 85
153 386
409 808
231 713
418 38
30 235
567 384
777 582
281 407
509 713
209 149
707 146
216 727
91 233
972 822
704 832
778 459
540 577
503 13
30 679
180 80
521 180
777 2
825 270
290 899
350 787
403 352
260 63
601 887
543 892
13 929
458 368
22 593
407 169
799 891
891 906
365 479
155 33
28 209
717 667
23 494
226 214
583 246
832 250
334 624
283 306
45 788
836 545
400 901
162 643
480 34
957 528
390 371
581 132
249 747
664 624
615 101
140 733
343 294
419 366
43 426
426 574
250 886
552 692
771 594
591 381
10 128
33 353
824 596
224 756
298 647
634 835
233 874
489 752
399 135
385 477
719 590
560 461
800 572
108 897
4 708
721 94
940 504
77 779
596 781
460 149
930 405
199 248
554 281
132 183
434 395
240 326
498 514
491 343
809 894
477 664
666 913
170 288
246 479
585 711
412 357
714 933
75 229
437 982
165 107
739 74
829 468
423 679
248 559
584 893
183 603
305 745
178 121
162 850
840 866
888 622
761 224
378 656
71 407
532 987
295 867
343 631
880 833
776 540
82 255
942 105
211 481
70 356
54 889
642 125
935 800
455 794
884 952
102 85
586 782
487 645
150 319
376 254
881 871
145 861
295 423
461 955
11 116
470 971
430 761
54 165
536 420
358 623
750 349
660 77
328 686
570 207
646 104
918 653
171 8
450 193
270 364
293 565
475 702
975 837
318 88
85 435
982 163
643 771
532 246
419 983
276 948
260 465
947 697
345 207
626 72
384 541
167 258
575 385
905 109
623 405
660 641
367 715
812 964
448 383
397 394
881 239
994 454
152 775
265 744
982 367
657 798
288 327
156 838
359 329
511 18
421 358
919 235
649 963
123 522
644 834
321 547
526 298
178 492
676 371
844 953
480 140
839 630
728 785
827 199
903 362
707 637
619 409
944 488
699 126
81 187
67 504
203 744
627 208
2 629
281 442
48 411
661 167
555 492
133 798
135 320
997 160
928 425
967 520
824 362
146 298
962 136
835 170
143 107
920 684
189 505
703 99
749 225
735 274
933 891
114 683
815 379
160 463
416 825
326 348
499 824
639 468
307 385
588 790
164 286
256 961
277 729
39 974
83 678
9 527
173 600
32 888
537 973
154 391
818 926
781 234
841 327
559 469
979 209
54 519
697 852
280 576
206 450
741 887
374 564
33 792
49 389
383 302
851 120
604 320
415 227
839 747
521 908
34 277
343 285
440 612
760 45
543 116
716 872
928 888
547 990
441 239
519 28
30 123
399 162
756 383
394 366
507 491
608 318
811 243
647 265
449 342
513 877
882 4
423 894
243 578
379 2
759 511
155 661
65 791
946 696
503 189
895 751
768 460
881 85
39 319
904 156
249 483
530 330
431 433
108 354
839 468
18 118
94 277
666 954
170 333
557 847
818 721
543 780
714 910
903 968
264 281
504 638
326 459
623 675
238 647
847 543
683 534
579 713
49 630
344 150
217 392
549 929
164 129
390 967
597 949
482 828
710 252
145 308
18 570
348 853
770 801
689 951
779 565
11 655
698 591
753 552
329 32
926 567
836 945
896 614
755 515
476 32
296 710
667 969
690 426
893 657
745 394
512 549
987 453
989 367
590 866
408 222
410 628
659 679
440 751
188 673
797 717
488 155
831 306
492 722
402 742
517 623
646 909
337 827
7 957
973 238
422 380
952 471
290 706
147 55
472 892
234 871
949 502
755 443
199 136
238 982
759 112
143 321
23 303
226 921
505 214
235 845
454 233
518 550
486 734
112 111
331 463
250 245
529 392
990 233
886 398
409 314
143 773
814 202
376 434
325 7
145 673
883 549
168 350
550 595
954 440
573 402
22 408
248 91
513 463
898 131
483 881
379 672
556 314
722 78
512 688
505 846
203 719
438 362
936 752
168 666
189 784
445 646
267 862
417 173
237 996
555 387
993 594
495 476
889 673
347 221
612 327
932 826
185 411
26 913
65 957
872 59
798 967
754 3
369 103
657 610
714 740
414 750
398 243
511 686
421 178
294 896
84 476
658 479
914 117
808 496
402 289
540 991
669 765
999 602
985 184
360 683
307 420
240 65
496 475
853 497
249 245
286 786
362 444
108 72
862 97
184 520
991 263
562 357
359 473
550 258
610 121
335 1
609 160
763 699
196 360
733 31
399 661
680 149
883 430
793 986
638 132
714 380
509 80
776 791
564 898
543 147
430 568
681 926
167 703
916 246
789 96
464 221
30 28
717 510
129 893
205 42
869 3
11 369
765 466
530 675
841 546
313 121
294 371
831 40
741 170
116 665
319 772
967 920
713 841
990 587
130 855
185 288
683 97
856 555
708 564
180 237
717 770
807 896
574 917
874 947
191 431
929 786
530 359
749 113
313 565
947 946
843 69
347 786
442 822
333 795
354 10
799 790
451 956
144 980
734 505
118 66
526 485
782 915
503 540
602 663
678 224
420 240
904 829
106 925
175 366
260 552
170 938
887 555
652 282
357 748
984 378
382 177
571 426
202 283
843 385
250 527
1 313
409 12
983 526
480 503
595 126
300 162
67 697
46 330
399 542
219 786
438 48
666 223
638 51
555 557
315 660
633 401
437 233
637 90
690 971
570 21
879 13
955 469
828 861
526 760
466 762
450 151
604 820
475 840
422 337
788 162
147 26
366 402
631 386
207 906
797 44
691 985
77 758
854 22
213 406
568 251
146 49
21 799
743 810
669 899
708 703
736 988
971 167
844 431
443 526
613 742
599 439
378 41
108 498
18 902
643 393
539 296
43 601
486 563
688 993
600 72
374 375
856 242
819 486
602 538
784 910
620 138
491 838
260 659
463 436
534 169
278 875
707 679
797 825
135 182
227 849
559 718
488 623
568 883
241 777
137 982
335 799
817 52
854 805
374 819
824 888
533 848
720 697
572 826
21 44
828 684
388 737
632 21
558 509
480 258
634 623
978 1
980 599
837 330
436 757
332 902
205 400
78 166
371 984
327 637
149 313
557 204
686 528
559 770
195 23
859 44
806 757
347 240
958 944
280 311
734 859
5 171
540 560
669 212
717 232
48 529
530 397
43 790
640 740
504 701
764 299
86 283
658 504
342 881
17 256
199 24
757 606
593 725
812 881
464 527
395 655
819 183
383 220
406 269
161 914
553 496
438 658
435 348
352 334
301 379
914 466
109 734
40 507
296 901
280 522
26 50
448 832
395 843
586 42
736 403
701 875
595 472
851 66
991 998
525 270
945 10
140 876
675 481
804 219
366 556
59 900
149 10
582 336
414 486
755 828
370 482
868 613
600 527
902 474
81 238
941 256
858 430
966 989
551 961
521 566
998 450
871 592
396 778
237 884
20 238
668 722
43 199
686 671
1000 226
105 258
255 784
935 68
898 887
748 663
706 191
134 444
602 124
434 474
397 678
90 392
786 150
221 979
795 876
479 399
924 8
283 176
433 739
820 457
382 734
442 787
633 636
333 886
31 711
529 329
160 276
485 907
808 384
607 16
644 46
365 421
681 150
257 654
667 455
139 686
268 266
731 988
120 647
175 341
387 317
156 614
13 427
679 890
59 341
905 777
361 669
128 554
222 626
372 59
651 390
824 978
510 137
558 91
180 997
489 114
883 350
281 158
945 903
304 9
546 402
534 435
239 171
96 171
557 114
813 136
119 641
693 594
158 967
681 814
370 153
116 853
100 370
280 81
485 184
487 798
238 480
812 471
120 511
194 794
300 259
217 683
567 351
560 407
788 143
207 945
262 722
527 354
716 409
458 633
935 249
333 679
56 52
49 797
692 65
964 750
422 246
830 243
874 963
454 167
359 286
910 218
559 241
799 678
287 466
773 563
503 652
72 518
805 226
302 100
636 746
219 710
182 462
936 254
295 805
871 502
638 455
970 773
82 197
453 314
515 307
794 486
817 15
381 72
932 296
291 416
21 23
558 486
512 714
491 665
498 375
152 201
816 80
894 489
110 344
555 445
617 900
391 683
730 685
68 820
271 881
167 896
538 564
497 774
891 466
86 816
713 522
694 802
74 875
975 831
103 976
454 598
825 162
262 585
857 369
331 118
725 298
174 544
891 30
817 919
801 266
213 6
199 55
501 315
65 55
353 508
311 447
832 334
170 621
64 248
961 878
624 992
677 122
970 244
843 334
460 790
45 640
467 82
577 303
706 589
305 940
468 479
987 569
55 201
629 228
961 682
11 879
737 131
421 880
776 833
559 702
769 136
552 296
771 966
93 856
229 392
780 776
86 515
319 266
395 490
289 867
510 419
457 565
634 991
120 345
655 733
219 31
537 182
650 511
779 209
11 299
103 641
509 746
788 97
993 677
43 218
426 238
882 215
204 431
8 642
554 373
298 55
759 300
436 217
152 528
48 993
661 657
179 486
354 64
635 49
238 566
847 588
616 386
175 176
378 812
221 434
562 462
283 275
568 562
384 505
921 262
893 706
328 134
240 626
314 985
687 408
839 685
71 839
516 720
477 492
885 287
392 818
638 249
34 347
954 152
105 86
695 131
257 297
974 78
116 882
12 533
358 659
595 900
323 201
807 299
989 644
392 334
302 977
138 862
659 272
200 491
57 102
954 732
557 465
527 265
181 973
384 609
317 285
506 342
40 638
275 249
450 785
217 10
90 312
881 19
830 212
539 354
832 488
43 531
463 954
373 824
601 221
140 495
412 324
458 6
635 330
681 38
921 599
540 255
669 541
247 561
648 264
120 759
581 406
982 959
235 230
348 799
735 669
239 615
495 969
442 199
444 409
836 907
326 989
861 72
918 864
337 325
604 413
664 986
385 207
48 15
682 706
292 650
901 612
850 908
320 911
68 977
986 380
513 100
368 955
437 4
167 927
981 583
660 108
157 54
51 559
911 349
740 129
982 194
878 19
744 83
449 105
792 489
995 162
423 949
506 477
455 484
298 289
35 814
588 898
256 853
701 381
994 489
703 467
136 427
189 73
196 891
325 921
749 401
772 216
500 401
541 389
714 843
398 926
202 39
748 94
589 990
644 801
616 760
743 341
909 131
782 691
457 220
687 370
413 697
954 382
870 21
418 34
724 570
627 177
438 336
2 596
537 217
975 619
154 651
138 52
34 101
834 668
836 306
656 584
68 836
368 566
379 150
33 20
699 603
976 68
925 21
473 462
318 230
929 835
735 371
29 482
963 636
433 729
456 774
843 914
882 884
520 463
204 840
688 645
778 523
363 297
326 447
386 864
593 632
448 41
692 836
30 871
291 549
473 906
636 553
784 738
468 139
288 497
991 345
984 425
412 594
933 336
776 405
151 503
158 561
178 258
895 403
805 999
106 32
325 322
975 440
417 420
451 133
949 910
513 130
181 308
107 551
861 338
167 833
974 115
24 497
335 575
185 162
155 822
7 809
159 626
569 373
237 799
608 477
488 459
700 840
437 286
972 933
651 760
674 827
803 901
273 882
56 126
699 724
683 171
851 913
7 749
798 648
360 916
964 656
307 175
189 175
523 659
528 775
982 468
200 908
403 753
50 326
730 484
446 512
517 339
494 780
835 816
602 589
678 302
404 663
849 1000
888 626
279 209
120 732
46 196
966 117
643 18
205 925
675 645
442 288
172 377
455 790
370 574
206 168
614 357
625 864
166 990
558 428
512 516
362 829
987 290
971 921
894 471
57 282
292 663
924 672
564 719
458 798
368 912
771 707
958 963
333 462
100 303
432 993
342 356
508 84
146 691
337 804
203 959
994 926
560 380
25 711
468 553
532 242
493 42
313 316
721 207
873 916
716 454
626 68
898 919
635 254
137 255
568 181
17 337
697 279
554 392
312 883
21 853
5 304
796 477
118 347
971 97
574 222
491 452
18 972
936 343
41 117
278 213
174 938
377 30
568 753
273 299
810 594
630 115
245 31
97 24
482 594
906 631
486 5
776 651
490 219
93 878
928 993
637 337
780 834
492 992
533 150
685 955
558 315
696 603
276 135
594 390
977 22
6 24
156 429
158 231
347 314
220 548
612 358
778 464
891 441
817 574
962 132
194 58
39 390
521 131
198 621
527 2
352 972
956 712
958 394
174 629
801 477
639 464
58 773
279 59
355 433
696 467
71 309
438 600
184 551
779 956
541 565
670 843
984 462
253 599
700 410
866 910
838 104
538 348
602 807
948 847
81 616
261 868
943 596
858 800
286 457
196 335
987 588
325 365
399 746
615 124
283 873
569 924
419 377
96 218
465 491
158 918
326 728
612 597
167 860
372 430
600 713
56 551
962 599
708 87
964 249
233 881
180 648
270 526
717 415
816 944
392 440
673 793
855 113
659 474
57 44
313 154
320 650
209 281
389 21
345 361
54 387
204 20
497 102
77 866
151 767
919 645
674 788
416 12
351 468
835 283
104 303
344 350
821 212
217 976
740 388
749 82
507 811
491 366
576 520
387 187
43 717
578 90
209 741
728 371
640 569
36 658
255 366
52 821
981 240
912 409
79 653
499 905
625 319
339 929
348 849
311 351
795 402
802 650
308 787
663 411
405 391
469 768
183 54
395 14
162 271
383 607
955 54
404 816
496 817
724 889
270 857
16 840
346 451
295 446
461 914
297 945
447 323
585 422
382 364
366 881
292 636
993 985
262 92
31 273
107 951
898 588
725 807
600 852
699 920
65 548
542 54
565 895
360 104
74 826
53 11
733 697
99 709
498 202
9 173
894 628
659 359
237 175
751 981
682 844
82 924
527 420
255 607
181 792
77 663
748 588
803 789
660 746
810 59
459 936
23 299
196 813
491 475
539 265
80 562
961 223
781 332
486 722
142 318
458 115
776 340
370 970
79 790
706 572
766 628
953 953
989 60
41 980
666 449
871 56
124 899
527 732
343 739
119 920
926 678
84 717
785 614
935 940
93 777
900 817
757 290
266 213
893 802
983 928
632 52
759 857
208 460
634 910
807 455
55 354
920 153
975 701
431 979
161 203
110 278
20 122
366 252
940 187
135 347
926 98
716 658
755 204
794 912
817 529
109 311
56 829
233 619
731 484
330 567
664 299
78 637
364 794
454 924
848 215
631 244
887 110
963 678
566 577
933 834
271 367
294 900
248 882
169 62
667 299
388 344
819 148
549 771
457 379
420 841
496 479
839 190
645 385
4 287
993 379
799 493
356 921
197 411
914 565
478 396
960 155
616 813
37 435
314 776
496 923
7 287
46 451
853 561
966 368
989 177
645 837
371 198
334 510
576 474
818 315
767 876
624 502
419 348
414 449
77 313
305 438
918 576
67 396
565 661
911 441
971 738
846 230
78 268
9 267
108 951
306 939
401 593
225 857
564 450
926 233
626 135
536 163
755 345
635 959
483 186
47 549
764 25
467 801
19 60
644 457
683 101
540 746
694 615
648 795
83 990
138 549
32 32
721 468
285 547
804 533
472 86
640 606
89 418
181 626
382 761
806 79
778 996
123 719
630 178
588 866
966 35
691 200
140 66
239 532
790 140
940 537
942 59
127 720
634 740
837 449
348 178
11 34
306 666
479 729
216 959
693 435
310 877
190 407
372 478
471 410
404 337
171 454
669 347
427 80
159 553
152 281
48 666
447 226
251 997
569 456
518 499
428 717
545 32
912 877
464 648
563 388
985 474
627 525
611 432
791 684
613 738
557 987
541 502
908 991
412 654
359 319
970 352
531 433
808 234
729 360
487 40
865 376
171 811
443 974
634 439
874 486
145 696
975 100
387 647
631 518
728 863
993 141
866 757
684 762
942 198
605 24
997 734
510 343
388 749
194 524
581 928
655 681
837 310
376 855
489 472
832 602
214 442
968 138
751 129
917 223
684 62
760 812
216 778
77 35
522 176
928 615
176 508
877 700
109 338
381 429
699 520
360 248
858 155
837 906
39 504
975 796
449 87
255 559
8 114
264 220
653 687
231 391
754 476
844 350
187 549
994 431
23 411
973 702
853 472
883 925
221 286
260 974
64 199
389 750
230 724
299 864
753 749
684 809
98 442
248 275
799 520
31 914
895 32
148 525
957 733
837 103
32 754
816 430
968 377
22 268
336 515
707 532
444 726
672 817
716 862
439 941
8 869
884 164
79 506
404 43
738 673
941 380
279 885
284 513
376 994
51 822
542 881
966 977
2 538
777 896
138 202
470 175
797 462
707 80
82 607
986 441
142 701
587 902
474 213
997 263
123 230
833 395
282 691
464 306
78 749
869 686
122 805
484 652
659 96
274 446
4 107
260 253
91 659
188 271
504 588
231 312
265 972
325 196
2 233
350 297
218 935
336 818
852 410
144 425
589 793
969 211
549 471
291 59
148 400
150 354
685 151
23 976
853 929
839 658
514 1
793 78
922 362
85 940
675 110
59 789
6 252
707 897
755 909
393 858
33 291
517 529
510 585
132 561
872 382
436 975
989 741
996 135
394 455
848 406
412 231
68 513
986 12
165 489
75 359
372 959
19 172
863 343
556 637
450 880
69 623
892 404
839 127
147 705
645 194
576 605
209 776
230 946
502 183
89 466
264 498
778 884
100 758
748 202
499 604
637 862
374 364
701 973
187 331
173 372
136 539
219 730
438 888
541 853
140 978
585 221
783 776
110 800
73 49
165 609
607 581
497 766
206 230
563 547
547 230
487 715
457 908
196 111
175 798
422 537
498 371
546 293
380 883
931 357
557 227
45 399
195 62
702 563
264 741
